--
-- PostgreSQL database dump
--


-- Dumped from database version 16.10
-- Dumped by pg_dump version 16.10

SET statement_timeout = 0;
SET lock_timeout = 0;
SET idle_in_transaction_session_timeout = 0;
SET client_encoding = 'UTF8';
SET standard_conforming_strings = on;
SELECT pg_catalog.set_config('search_path', '', false);
SET check_function_bodies = false;
SET xmloption = content;
SET client_min_messages = warning;
SET row_security = off;

--
-- Data for Name: patients; Type: TABLE DATA; Schema: public; Owner: -
--

INSERT INTO public.patients (id, case_number, sequence_number, patient_name, contact_info, age, hypertension, diabetes, cardiovascular, other_comorbidities, pregnancy_history, hpv_status, pre_treatment_tumor_size_category, pre_treatment_tumor_size, post_treatment_tumor_size, tumor_size_change, pre_scc_ag, post_scc_ag, pre_ca125, post_ca125, pre_cea, post_cea, pre_ca199, post_ca199, platelet_count, lymphocyte_count, neutrophil_count, monocyte_count, serum_albumin, plr, lmr, pni, sii, piv, pre_hemoglobin, figo_stage_2009, figo_stage_2018, pathology_type, differentiation, parametrial_invasion, vaginal_invasion, pelvic_lymph_node_metastasis, inguinal_lymph_node_metastasis, common_iliac_lymph_node_metastasis, para_aortic_lymph_node_metastasis, supraclavicular_lymph_node_metastasis, radiation_dose, brachytherapy_dose, concurrent_chemo_cycles, hyperthermia, immunotherapy, total_treatment_days, os, pfs, treatment_outcome, created_at, admission_date, tumor_size_change_pct, brachytherapy, brachytherapy_three_tube, brachytherapy_implant, eqd2_point_a, post_lymph_node_status) VALUES
	(328, '1076377', 25, '王桂云', '15584742629', 53, 1, 1, 1, 0, 'G2P2', NULL, 1, 5.9, 2.2, 3.7, 3.4, NULL, 7.7, NULL, 1.01, NULL, 4.41, NULL, 389, 2.1, 5.98, 0.5, 37, 185.24, 0.35, 47.5, 1107.72, 553.86, 116, 'IIIB', 'IIIB', '鳞癌', '中分化', '双侧', '无', 0, 0, 0, 0, 0, '60', '6', 1, '无', '无', 53, NULL, NULL, 'PR', '2026-04-12 15:26:42.375314+00', NULL, 0.63, '有', '否', '是', 66, '无'),
	(252, '1077588', 373, '李桂玲', '15143005941', 55, 0, 0, 0, 0, NULL, NULL, 1, 5, 2.2, 2.8, NULL, NULL, NULL, NULL, NULL, NULL, NULL, NULL, 407.3, 1.4, 1.9, 0.2, 41.8, 290.93, 0.74, 48.8, 552.76, 110.55, 127, 'IIB', 'IIB', '鳞癌', '中分化', '左侧', '无', 0, 0, 0, 0, 0, '50.4', '30', 4, '无', '无', 42, NULL, NULL, 'PR', '2026-04-12 15:26:42.375314+00', NULL, 0.56, '有', '否', '是', 80.4, '无'),
	(194, '1239895', 230, '钱秀芝', '15148556592', 45, 0, 0, 0, 0, 'G1P1', NULL, 1, 5, 4.8, 0.2, 9.3, 0.8, 27.2, 8.8, 3.41, 0.72, 34.13, 4.99, 335.4, 2, 7.5, 0.5, 42.1, 167.7, 0.27, 52.1, 1257.75, 628.88, 131, 'IIB', 'IIB', '鳞癌', NULL, '双侧', '无', 0, 0, 0, 0, 0, '50', '35', 5, '无', '无', 59, NULL, NULL, 'SD', '2026-04-12 15:26:42.375314+00', NULL, 0.04, '有', '否', '是', 85, '无'),
	(199, '1249442', 340, '王颖', '15567020006', 53, 0, 0, 0, 0, 'G3P1', NULL, 1, 7.6, 3.4, 4.2, 67.5, 1.3, 22.2, 15.5, 7.69, 0.85, 2.54, 2.4, 348.2, 1.7, 6, 0.5, 35.4, 204.82, 0.28, 43.9, 1228.94, 614.47, 59, 'IIB', 'IIB', '鳞癌', '中分化', '双侧', '无', 0, 0, 0, 0, 0, '50', '33', 4, '无', '无', 77, NULL, NULL, 'PR', '2026-04-12 15:26:42.375314+00', NULL, 0.55, '有', '否', '是', 83, '无'),
	(215, '1295728', 683, '郭元伟', '13644340907', 59, 0, 0, 0, 0, 'G1P1', '是', 1, 5, 1.8, 3.2, NULL, 0.5, NULL, 4.4, NULL, 0.85, NULL, 2.85, 189, 0.8, 3.86, 0.5, 42.6, 236.25, 0.21, 46.6, 911.93, 455.96, 124, 'IIIB', 'IIIB', '鳞癌', '中分化', '右侧', '无', 0, 1, 1, 0, 0, '50.4', '30', 5, '无', '无', 48, NULL, NULL, 'PR', '2026-04-12 15:26:42.375314+00', NULL, 0.64, '有', '否', '是', 80.4, 'PR'),
	(268, '1321135', 405, '张静波', '15043926502', 56, 0, 0, 0, 0, 'G3P1', NULL, 0, 1.5, 1.4, 0.1, 28.2, NULL, 20.7, NULL, 2.38, NULL, 3.97, NULL, 222.1, 0.9, 3.1, 0.3, 39.6, 246.78, 0.29, 44.1, 765.01, 229.5, 132, 'IIB', 'IIB', '鳞癌', NULL, '双侧', '无', 0, 1, 1, 0, 0, '55', '38', 5, '无', '无', 69, NULL, NULL, 'SD', '2026-04-12 15:26:42.375314+00', NULL, 0.07, '有', '是', '是', 93, 'PR'),
	(303, '1336975', 746, '牟阳文', '13756499136', 61, 0, 0, 0, 0, NULL, NULL, 0, 3.6, 2, 1.6, 0.8, 0.2, 13.9, 115.4, 1.31, 3.5, NULL, NULL, 219, 1.1, 4.88, 0.5, 38.6, 199.09, 0.23, 44.1, 971.56, 485.78, 138, 'IIB', 'IIIC1', '鳞癌', '低分化', '双侧', '无', 1, 0, 0, 0, 0, '45', '30', 5, '无', '无', 59, NULL, NULL, 'PR', '2026-04-12 15:26:42.375314+00', NULL, 0.44, '有', '是', '是', 75, 'PR'),
	(300, '1341963', 533, '周凤兰', '13364386661', 70, 0, 0, 0, 0, 'G2P2', NULL, 0, 4, 0.2, 3.8, 9.6, 10.5, 15, 14.3, 1.92, 1.84, 4.9, 9.42, 205, 2.6, 4.26, 0.6, 43.6, 78.85, 0.61, 56.6, 335.88, 201.53, 147, 'IIB', 'IIB', '鳞癌', NULL, '右侧', '无', 0, 1, 1, 0, 0, '45', '30', 2, '无', '无', 69, NULL, NULL, 'PR', '2026-04-12 15:26:42.375314+00', NULL, 0.95, '有', '有', '否', 75, 'CR'),
	(326, '1442594', 338, '吴淑萍', '15143236609', 53, 0, 0, 0, 0, NULL, NULL, 1, 4.8, 1.4, 3.4, 1.8, 0.6, 17.6, 8.5, 1.75, 1.17, 4.18, 3.8, 345, 1.7, 4.06, 0.4, 42.2, 202.94, 0.42, 50.7, 823.94, 329.58, 124, 'IIB', 'IIB', '鳞癌', '中分化', '右侧', '无', 0, 0, 0, 0, 0, '50', '32', 5, '无', '无', 40, NULL, NULL, 'PR', '2026-04-12 15:26:42.375314+00', NULL, 0.71, '有', '否', '是', 82, '无'),
	(242, '1308662', 854, '曹玉珍', '1.3214E+10', 68, 0, 0, 0, 0, NULL, NULL, 1, 4.6, 2.1, 2.5, 11.6, NULL, 14, NULL, 2.36, NULL, 7.2, NULL, 215.6, 1.2, 4.5, 0.3, 44.5, NULL, NULL, NULL, NULL, NULL, 142, 'IIA2', 'IIA2', '鳞癌', NULL, '0', '0', 0, 0, 0, 0, 0, '50.4', '30', 1, '0', '0', 67, NULL, NULL, 'PR', '2026-04-12 15:26:42.375314+00', '2020/6/18', 0.54, '有', '否', '是', 80.4, '无'),
	(350, '1427838', 237, '于晶', '13844830275', 46, 0, 0, 0, 0, 'G2P1', '否', 1, 5, 2.2, 2.8, 6.7, 1, 20.9, 17.7, 2.09, 0.96, 7.23, 4.21, 342, 2.3, 4.19, 0.9, 38.3, 148.7, 0.55, 49.8, 623.03, 560.73, 124, 'IIB', 'IIB', '鳞癌', NULL, '左侧', '无', 0, 0, 0, 0, 0, '50.4', '30', 5, '无', '无', 66, NULL, NULL, 'PR', '2026-04-12 15:26:42.375314+00', NULL, 0.56, '有', '是', '否', 80.4, '无'),
	(349, '1432635', 8, '孙淑艳', '18243018932', 58, 1, 1, 0, 0, 'G3P2', '是', 1, 4.8, 1.6, 3.2, 3.2, 0.4, 13.5, 10.5, 3.39, 1.54, NULL, NULL, 285, 1.3, 4.49, 0.3, 44, 219.23, 0.29, 50.5, 984.35, 295.3, 145, 'IIB', 'IIIC1', '鳞癌', NULL, '右侧', '无', 1, 1, 1, 0, 0, '45', '30', 4, '无', '无', 46, NULL, NULL, 'PR', '2026-04-12 15:26:42.375314+00', NULL, 0.67, '有', '是', '否', 75, 'PR'),
	(361, '1086716', 519, '张淑敏', '13756061838', 67, 0, 0, 0, 0, 'G4P3', NULL, 1, 7, 6.4, 0.6, NULL, NULL, NULL, NULL, NULL, NULL, NULL, NULL, NULL, NULL, NULL, NULL, NULL, NULL, NULL, NULL, NULL, NULL, NULL, 'IIB', 'IIB', '鳞癌', NULL, '双侧', '无', 0, 1, 0, 0, 0, '45', '12', 5, '无', '无', 51, NULL, NULL, 'PR', '2026-04-12 15:26:42.375314+00', NULL, 0.09, '有', '否', '是', 57, '无'),
	(203, '1249690', 648, '何金洁', '18748221777', 54, 0, 0, 0, 0, NULL, NULL, 1, 4.4, 2.3, 2.1, 8.5, 1.5, 12.6, 12.7, 5.77, 2.43, NULL, NULL, 216.2, NULL, 5, 4.3, 0.5, 39.3, NULL, NULL, NULL, NULL, NULL, '124', 'IIIB', NULL, '鳞癌', NULL, '双侧', 0, 0, 0, 1, 0, '无', '是', 73, '5洛铂', '无', NULL, 'PR', NULL, 'PR', '2026-04-12 15:26:42.375314+00', NULL, NULL, '45', '有', '否', 28, '63'),
	(183, '1404206', 144, '王桂珍', '13904481999', 62, 1, 0, 0, 0, 'G4P1', '是', 1, 4.4, 1.8, 2.6, 4.1, 0.8, 3.4, 17.3, 1.41, 1.7, 2.5, 3.97, 321, 2.6, 4.6, 0.4, 41, 123.46, 0.57, 54, 567.92, 227.17, 131, 'IIB', 'IIIC1', '鳞癌', NULL, '右侧', '无', 1, 0, 0, 0, 0, '50', '32', 4, '无', '无', 70, NULL, NULL, 'PR', '2026-04-12 15:26:42.375314+00', NULL, 0.59, '有', '否', '是', 82, 'PR'),
	(185, '1259812', 858, '张丽范', '1.5944E+10', 67, 0, 0, 0, 0, NULL, NULL, 1, 5.9, 1.8, 4.1, 2.3, 1.6, 10.4, 16, 7.54, 15.93, 2.01, 3.41, 127, 1.1, 7.32, 0.3, 42.8, NULL, NULL, NULL, NULL, NULL, 136, 'IIA2', 'IIA2', '鳞癌', NULL, '双侧', '0', 0, 0, 0, 0, 0, '45', '28', 5, '0', '0', 58, NULL, NULL, 'PR', '2026-04-12 15:26:42.375314+00', '2019/9/24', 0.69, '有', '否', '是', 73, '无'),
	(207, '1254870', 860, '林玉香', '1.5948E+10', 72, 0, 0, 1, 0, NULL, '1', 0, 3, 1.2, 1.8, 1.1, 0.9, 15, 13.5, 5.46, 2.81, NULL, 2.54, 212.5, 2.6, 2.2, 0.3, 39.9, NULL, NULL, NULL, NULL, NULL, 128, 'IIA1', 'IIA1', '鳞癌', NULL, '0', '0', 0, 1, 1, 0, 0, '50.4', '30', 2, '0', '0', 54, NULL, NULL, 'PR', '2026-04-12 15:26:42.375314+00', '2019/9/4', 0.6, '有', '否', '是', 80.4, '无'),
	(197, '1247432', 36, '肖洪', '15043276218', 48, 0, 0, 1, 0, NULL, NULL, 1, 4.5, 2.8, 1.7, 3.1, NULL, 10.6, NULL, 1.5, NULL, NULL, NULL, 341.9, 1.6, 5.7, 0.8, 40.5, 213.69, 0.28, 48.5, 1218.02, 974.42, 125, 'IIB', 'IIB', '鳞癌', NULL, '双侧', '无', 0, 0, 0, 0, 0, '50.4', '30', 4, '无', '无', 56, NULL, NULL, 'PR', '2026-04-12 15:26:42.375314+00', NULL, 0.38, '有', NULL, NULL, 80.4, '无'),
	(200, '1249432', 120, '邓辉云', '15568626519', 68, 1, 0, 0, 0, NULL, NULL, 0, 3.9, 1.8, 2.1, 16.4, 0.9, 132.5, 13.4, 8.97, 2.9, 19.42, 15.19, 158.6, 1.4, 2.5, 0.4, 42.3, 113.29, 0.56, 49.3, 283.21, 113.29, 127, 'IIB', 'IIB', '鳞癌', NULL, '双侧', '无', 0, 0, 1, 0, 0, '50.4', '30', 2, '无', '无', 64, NULL, NULL, 'PR', '2026-04-12 15:26:42.375314+00', NULL, 0.54, '有', NULL, NULL, 80.4, 'SD'),
	(202, '1250126', 113, '王春霞', '13943154917', 64, 1, 0, 0, 0, 'G3P2', NULL, 0, 1.9, 0.6, 1.3, 1.7, NULL, 14.3, NULL, 1.94, NULL, 19.49, NULL, 299, 1.3, 4.57, 0.3, 46.7, 230, 0.28, 53.2, 1051.1, 315.33, 142, 'IIB', 'IIB', '鳞癌', NULL, '双侧', '无', 0, 0, 0, 0, 0, '50.4', '30', 2, '无', '无', 67, NULL, NULL, 'PR', '2026-04-12 15:26:42.375314+00', NULL, 0.68, '有', '是', '否', 80.4, '无'),
	(201, '1250131', 169, '范晨冬', '13766039555', 33, 0, 0, 0, 0, 'G4P1', NULL, 1, 4.3, 1.3, 3, NULL, NULL, 86.1, NULL, NULL, NULL, NULL, NULL, 317, 0.9, 4.34, 0.2, 41.9, 352.22, 0.21, 46.4, 1528.64, 305.73, 109, 'IIB', 'IIB', '鳞癌', NULL, '双侧', '无', 0, 0, 0, 0, 0, '50', '32', 4, '无', '无', 77, NULL, NULL, 'PR', '2026-04-12 15:26:42.375314+00', NULL, 0.7, '有', '是', '否', 82, '无'),
	(186, '1259495', 574, '陈友红', '15844942111', 63, 0, 0, 0, 0, NULL, NULL, 1, 4.2, 1.8, 2.4, 12.4, NULL, 18.2, NULL, 5.83, NULL, 39.64, NULL, 277, 1.9, 2.74, 0.2, 44.3, 145.79, 0.69, 53.8, 399.46, 79.89, 140, 'IIIA', 'IIIA', '鳞癌', NULL, '双侧', '有', 0, 1, 0, 0, 0, '50', '30', 2, '无', '无', 53, NULL, NULL, 'PR', '2026-04-12 15:26:42.375314+00', NULL, 0.57, '有', NULL, NULL, 80, 'PR'),
	(192, '1265667', 418, '郭丽华', '15898041962', 57, 0, 0, 0, 0, 'G2P1', NULL, 1, 5, 2.2, 2.8, 0.8, NULL, 43.9, NULL, NULL, NULL, 6.5, NULL, 434, 2, 4.2, 0.3, 43.3, 217, 0.48, 53.3, 911.4, 273.42, 96, 'IIB', 'IIB', '鳞癌', NULL, '右侧', '无', 0, 0, 1, 0, 0, '50.4', '30', 5, '无', '无', 46, NULL, NULL, 'PR', '2026-04-12 15:26:42.375314+00', NULL, 0.56, '有', '是', '否', 80.4, 'PR'),
	(193, '1265788', 700, '尹颖', '13174445229', 63, 0, 0, 0, 0, 'G2P1', NULL, 1, 4.4, 1.1, 3.3, 10.2, NULL, 43, NULL, 10, NULL, 180.96, NULL, 207, 1.4, 3.76, 0.3, 43.6, 147.86, 0.37, 50.6, 555.94, 166.78, 125, 'IIIB', 'IIIB', '鳞癌', NULL, '双侧', '无', 0, 1, 1, 0, 0, '50', '30', 2, '无', '无', 63, NULL, NULL, 'PR', '2026-04-12 15:26:42.375314+00', NULL, 0.75, '有', NULL, NULL, 80, 'PR'),
	(196, '1266756', 213, '王艳茹', '15542466618', 44, 0, 0, 0, 0, 'G5P1', NULL, 1, 4.7, 3.5, 1.2, 5, 0.9, 216.2, 14.9, 1.76, NULL, 6.18, NULL, 281, 1.8, 2.39, 0.4, 45.1, 156.11, 0.75, 54.1, 373.11, 149.24, 137, 'IIB', 'IIB', '鳞癌', NULL, '双侧', '无', 0, 0, 0, 0, 0, '50', '32', 5, '无', '无', 59, NULL, NULL, 'SD', '2026-04-12 15:26:42.375314+00', NULL, 0.26, '有', '否', '是', 82, '无'),
	(187, '1284938', 39, '陈晓洁', '15843493395', 50, 0, 0, 1, 0, NULL, '是', 0, 3.6, 0.8, 2.8, 7.8, 0.4, 22.5, NULL, 4.13, NULL, 9.71, NULL, 241.7, 1.7, 4.9, 0.3, 46.8, 142.18, 0.35, 55.3, 696.66, 209, 144, 'IIB', 'IIB', '鳞癌', NULL, '右侧', '无', 0, 0, 0, 0, 0, '50.4', '30', 3, '无', '无', 58, NULL, NULL, 'PR', '2026-04-12 15:26:42.375314+00', NULL, 0.78, '有', '是', '否', 80.4, '无'),
	(205, '1285555', 280, '史玉霞', '18343302097', 50, 0, 0, 0, 0, 'G1P1', NULL, 1, 5, 2.2, 2.8, 2, NULL, 11.7, NULL, 3.06, NULL, NULL, NULL, 297, 2.9, 2.97, 0.7, 39.6, 102.41, 0.98, 54.1, 304.17, 212.92, 124, 'IIB', 'IIB', '鳞癌', NULL, '双侧', '无', 0, 0, 0, 0, 0, '50.4', '30', 5, '无', '无', 68, NULL, NULL, 'PR', '2026-04-12 15:26:42.375314+00', NULL, 0.56, '有', '否', '是', 80.4, '无'),
	(206, '1287242', 212, '王丽梅', '13168945999', 44, 0, 0, 0, 0, 'G1P1', NULL, 1, 5, 2.8, 2.2, NULL, 0.8, NULL, 9.2, NULL, 0.7, NULL, 5.62, 259.8, 0.4, 6.3, 0.5, 42.6, 649.5, 0.06, 44.6, 4091.85, 2045.93, 90, 'IIB', 'IIB', '鳞癌', NULL, '双侧', '无', 0, 0, 0, 0, 0, '50', '32', 5, '无', '无', 61, NULL, NULL, 'PR', '2026-04-12 15:26:42.375314+00', NULL, 0.44, '有', '否', '是', 82, '无'),
	(208, '1289744', 9, '王瑶', '13504382991', 38, 0, 1, 0, 0, 'G2P1', NULL, 0, 2.2, 0.8, 1.4, NULL, 0.6, NULL, 10.6, NULL, NULL, NULL, 11.81, 320, 0.6, 2.72, 0.2, 47.7, 533.33, 0.22, 50.7, 1450.67, 290.13, 72, 'IIB', 'IIB', '腺癌', NULL, '左侧', '无', 0, 0, 0, 0, 0, '50', '32', 5, '无', '无', 57, NULL, NULL, 'PR', '2026-04-12 15:26:42.375314+00', NULL, 0.64, '有', NULL, NULL, 82, '无'),
	(204, '1291787', 315, '鲍梅花', '18747874222', 52, 0, 0, 0, 0, 'G3P1', NULL, 0, 4, 3.1, 0.9, 5.5, NULL, 8, NULL, 4.44, NULL, 6.73, NULL, 200, 1, 2.07, 0.2, 41.1, 200, 0.48, 46.1, 414, 82.8, 113, 'IIB', 'IIB', '鳞癌', NULL, '左侧', '无', 0, 0, 1, 0, 0, '50.4', '30', 4, '无', '无', 73, NULL, NULL, 'SD', '2026-04-12 15:26:42.375314+00', NULL, 0.23, '有', '否', '是', 80.4, 'PR'),
	(210, '1292105', 296, '王晓艳', '13844815934', 51, 0, 0, 0, 0, NULL, NULL, 0, 3.8, 1.2, 2.6, 1.7, 0.9, 6.9, 4.9, 1.34, 0.73, 3.2, 3.09, 228, 1.7, 1.76, 0.2, 46.7, 134.12, 0.97, 55.2, 236.05, 47.21, 123, 'IIB', 'IIB', '鳞癌', NULL, '双侧', '无', 0, 0, 0, 0, 0, '50.4', '30', 5, '无', '无', 39, NULL, NULL, 'PR', '2026-04-12 15:26:42.375314+00', NULL, 0.68, '有', '是', '否', 80.4, '无'),
	(190, '1296517', 95, '徐桂芹', '13943262225', 59, 1, 0, 0, 0, NULL, NULL, 0, 1.1, 0.4, 0.7, 2.1, 1.2, 11.6, 10.6, 1.48, 1.83, 5.06, 4.39, 241, 2.2, 1.75, 0.2, 41.4, 109.55, 1.26, 52.4, 191.7, 38.34, 124, 'IIB', 'IIB', '鳞癌', NULL, '左侧', '无', 0, 0, 0, 0, 0, '50.4', '30', 5, '无', '无', 60, NULL, NULL, 'PR', '2026-04-12 15:26:42.375314+00', NULL, 0.64, '有', '是', '否', 80.4, '无'),
	(188, '1297352', 60, '王海东', '15898798687', 59, 1, 1, 0, 0, NULL, NULL, 0, 3, 0.4, 2.6, 5.9, 0.3, 11.9, 18.4, 5.94, 2, 23.28, 30.56, 292, 1.5, 4.91, 0.3, 43.2, 194.67, 0.31, 50.7, 955.81, 286.74, 137, 'IIIA', 'IIIA', '鳞癌', NULL, '左侧', '无', 0, 1, 1, 0, 0, '45', '24', 3, '无', '无', 55, NULL, NULL, 'PR', '2026-04-12 15:26:42.375314+00', NULL, 0.87, '有', '否', '是', 69, 'PR'),
	(198, '1302912', 239, '孙国杰', '15024855769', 46, 0, 0, 0, 0, NULL, NULL, 1, 5.5, 2.5, 3, 38.1, 1.2, 53.8, 18.4, 2.92, 1.93, 11.61, 12.26, 291.9, 1.1, 1.3, 0.3, 40.7, 265.36, 0.85, 46.2, 344.97, 103.49, 100, 'IIB', 'IIB', '鳞癌', NULL, '双侧', '无', 0, 0, 0, 0, 0, '50.4', '30', 2, '无', '无', 93, NULL, NULL, 'PR', '2026-04-12 15:26:42.375314+00', NULL, 0.55, '有', NULL, NULL, 80.4, '无'),
	(189, '1302938', 316, '张丽华', '13843624366', 52, 0, 0, 0, 0, NULL, NULL, 0, 3.2, 1.4, 1.8, 1.2, 0.5, 18.8, NULL, 0.82, NULL, NULL, NULL, 316, 1.8, 7.49, 0.4, 42.1, 175.56, 0.24, 51.1, 1314.91, 525.96, 136, 'IIB', 'IIB', '鳞癌', '高中分化', '双侧', '无', 0, 0, 0, 0, 0, '50.4', '30', 5, '无', '无', 72, NULL, NULL, 'PR', '2026-04-12 15:26:42.375314+00', NULL, 0.56, '有', '否', '是', 80.4, '无'),
	(191, '1306957', 512, '张花', '13086890095', 66, 0, 0, 0, 0, NULL, NULL, 0, 3.4, 1, 2.4, 2.9, 0.6, 7.3, 5.8, 2.05, 2.28, 16.26, 16.43, 202, 1.8, 3, 0.4, 45.1, 112.22, 0.6, 54.1, 336.67, 134.67, 133, 'IIB', 'IIB', '鳞癌', NULL, '右侧', '有', 0, 1, 1, 0, 0, '50', '30', 1, '无', '无', 51, NULL, NULL, 'PR', '2026-04-12 15:26:42.375314+00', NULL, 0.71, '有', '否', '是', 80, 'PR'),
	(184, '1323569', 109, '王桂珍', '18561344163', 63, 1, 0, 0, 0, NULL, '是', 1, 4.4, 1.6, 2.8, 4.1, 0.8, 3.4, 17.3, 1.41, 1.7, 2.5, 3.97, 321, 2.6, 4.6, 0.4, 41, 123.46, 0.57, 54, 567.92, 227.17, 131, 'IIB', 'IIB', '鳞癌', NULL, '右侧', '无', 0, 1, 1, 0, 0, '50', '32', 4, '无', '无', 70, NULL, NULL, 'PR', '2026-04-12 15:26:42.375314+00', NULL, 0.64, '有', '否', '是', 82, 'PR'),
	(212, '1340574', 12, '王永新', '13630667597', 53, 0, 0, 0, 0, 'G8P1', NULL, 1, 5.2, 1.2, 4, 0.8, 0.4, NULL, 29.8, NULL, 0.79, NULL, 4.05, 280, 1.7, 7.02, 0.6, 37, 164.71, 0.24, 45.5, 1156.24, 693.74, 120, 'IIB', 'IIB', '鳞癌', NULL, '双侧', '无', 0, 0, 1, 0, 0, '45', '30', 4, '有', '无', 49, NULL, NULL, 'PR', '2026-04-12 15:26:42.375314+00', NULL, 0.77, '有', '有', '否', 75, '无'),
	(211, '1350404', 87, '王暧', '13843103836', 51, 1, 0, 0, 0, 'G2P2', NULL, 0, 3.5, 1.8, 1.7, 68.5, 0.7, 208.3, 24.2, 3.36, 2.66, NULL, NULL, 309, 2.6, 4.94, 0.4, 42.7, 118.85, 0.53, 55.7, 587.1, 234.84, 90, 'IIB', 'IIB', '鳞癌', '低分化', '无', '无', 0, 0, 1, 0, 0, '45', '28', 5, '无', '卡瑞丽珠', 56, NULL, NULL, 'PR', '2026-04-12 15:26:42.375314+00', NULL, 0.49, '有', NULL, NULL, 73, 'CR'),
	(209, '1355304', 85, '李玉玲', '15948855803', 49, 1, 0, 0, 0, NULL, NULL, 1, 6.3, 2.6, 3.7, 16.9, 1.6, 22.6, 13, NULL, 1, 2.28, 2.2, 278, 0.6, 3.58, 0.3, 40.4, 463.33, 0.17, 43.4, 1658.73, 497.62, 91, 'IIB', 'IIB', '鳞癌', '中分化', '双侧', '无', 0, 0, 0, 0, 0, '46.8', '30', 1, '无', '无', 62, NULL, NULL, 'SD', '2026-04-12 15:26:42.375314+00', NULL, 0.59, '有', '是', '否', 76.8, 'SD'),
	(195, '1244809', 214, '王艳茹', '15543466618', 44, 0, 0, 0, 0, 'G5P1', NULL, 1, 4.7, 3.5, 1.2, 5, 0.9, 216.2, 14.9, 1.76, NULL, 6.18, NULL, 281, 1.8, 2.39, 0.4, 45.1, 156.11, 0.75, 54.1, 373.11, 149.24, 137, 'IIB', 'IIB', '鳞癌', NULL, '双侧', '无', 0, 0, 0, 0, 0, '50', '32', 5, '无', '无', 61, NULL, NULL, 'SD', '2026-04-12 15:26:42.375314+00', NULL, 0.26, '有', '否', '是', 82, '无'),
	(224, '1301003', 855, '王玉玲', '1.3757E+10', 54, 0, 0, 0, 0, 'G4P1', '0', 0, 4, 1.8, 2.2, 1, 0.8, 6.1, 5.5, 1.02, 1.48, NULL, NULL, 183.6, 0.8, 2.1, 0.2, 45.6, NULL, NULL, NULL, NULL, NULL, 134, 'IIA2', 'IIA2', '鳞癌', NULL, '0', '0', 0, 0, 0, 0, 0, '50', '31', 5, '0', '0', 40, NULL, NULL, 'PR', '2026-04-12 15:26:42.375314+00', '2020/4/26', 0.55, '有', '否', '是', 81, '无'),
	(220, '1297461', 150, '张立娥', '13843080454', 47, 1, 0, 0, 0, NULL, NULL, 0, 4, 1.2, 2.8, 1.2, NULL, 14.2, NULL, 1.14, NULL, 23.29, NULL, 490, 2.2, 4.09, 0.6, 40.3, 222.73, 0.54, 51.3, 910.95, 546.57, 108, 'IV', 'IV', '鳞癌', NULL, '双侧', '无', 0, 0, 0, 0, 0, '50', '32', 4, '无', '无', 48, NULL, NULL, 'PR', '2026-04-12 15:26:42.375314+00', NULL, 0.7, '有', '否', '是', 82, '无'),
	(218, '1298332', 706, '蒲淑芳', '18686464180', 65, 0, 0, 0, 0, NULL, NULL, 1, 5, 1.8, 3.2, NULL, 1.1, NULL, 5.8, NULL, 1.13, NULL, 8.73, 70, 0.5, 1.58, 0.4, 43.1, 140, 0.32, 45.6, 221.2, 88.48, 113, 'IIIB', 'IIIB', '鳞癌', '中分化', '左侧', '无', 0, 0, 0, 0, 0, '45', '0', 4, '无', '无', 55, NULL, NULL, 'PR', '2026-04-12 15:26:42.375314+00', NULL, 0.64, '无', NULL, NULL, 45, '无'),
	(229, '1301038', 268, '赵玉芝', '13944526182', 49, 0, 0, 0, 0, NULL, NULL, 1, 4.5, 0.7, 3.8, NULL, 0.8, NULL, 15, NULL, 0.53, NULL, 6.35, 198, 0.7, 12.1, 0.8, 40, 282.86, 0.06, 43.5, 3422.57, 2738.06, 114, 'IIB', 'IIB', '鳞癌', NULL, '双侧', '无', 0, 1, 0, 0, 0, '50.4', '30', 1, '无', '无', 46, NULL, NULL, 'PR', '2026-04-12 15:26:42.375314+00', NULL, 0.84, '有', NULL, NULL, 80.4, 'PR'),
	(223, '1301089', 704, '徐洪英', '17302120906', 64, 0, 0, 0, 0, NULL, NULL, 1, 5, 2.2, 2.8, 7.5, 0.6, 29.6, 21.3, 12.11, 2.42, 45.21, 3.12, 196, 0.5, 1.35, 0.2, 38.5, 392, 0.37, 41, 529.2, 105.84, 124, 'IIIB', 'IIIB', '鳞癌', NULL, '双侧', '无', 0, 0, 0, 0, 0, '50', '30', 4, '无', '无', 43, NULL, NULL, 'PR', '2026-04-12 15:26:42.375314+00', NULL, 0.56, '有', '是', '否', 80, '无'),
	(225, '1302330', 321, '范淑清', '18843048014', 52, 0, 0, 0, 0, NULL, NULL, 1, 5, 1.5, 3.5, 3.8, 0.7, 6.5, 6, 1.6, 1.17, 9.32, 6.88, 187, 0.6, 2.3, 0.2, 47.4, 311.67, 0.26, 50.4, 716.83, 143.37, 127, 'IIB', 'IIB', '鳞癌', '中分化', '左侧', '无', 0, 0, 0, 0, 0, '51.8', '36', 5, '无', '无', 47, NULL, NULL, 'PR', '2026-04-12 15:26:42.375314+00', NULL, 0.7, '有', NULL, NULL, 87.8, '无'),
	(230, '1304173', 668, '石秀兰', '13180877466', 56, 0, 0, 0, 0, 'G2P2', NULL, 1, 6.3, 3.4, 2.9, 59.3, 0.4, 175, 25.6, 8.41, 2.56, 29.85, 23.51, 203, 1, 5.34, 0.1, 43.6, 203, 0.19, 48.6, 1084.02, 108.4, 125, 'IIIB', 'IIIB', '鳞癌', NULL, '左侧', '无', 0, 0, 0, 0, 0, '50', '33', 2, '无', '无', 63, NULL, NULL, 'PR', '2026-04-12 15:26:42.375314+00', NULL, 0.46, '有', NULL, NULL, 83, '无'),
	(231, '1304368', 1, '郗秀荣', '18043016875', 62, 1, 1, 0, 0, 'G5P2', '是', 0, 2.3, 1.1, 1.2, 1.2, 1.4, 9.5, 9.7, 3.04, 1.82, NULL, NULL, 242.2, 0.6, 2.8, 0.2, 41.8, 403.67, 0.21, 44.8, 1130.27, 226.05, 115, 'IIB', 'IIB', '鳞癌', NULL, '左侧', '无', 0, 0, 0, 0, 0, '50.4', '30', 5, '有', '无', 53, NULL, NULL, 'PR', '2026-04-12 15:26:42.375314+00', NULL, 0.52, '有', '否', '是', 80.4, '无'),
	(234, '1305695', 785, '林玉梅', '13732858288', 64, 0, 0, 0, 0, NULL, NULL, 1, 5, 1.2, 3.8, 8, 1.9, 796.9, 25.7, 512.66, 29.75, 37.15, 9.53, 171, 0.7, 2.74, 0.2, 38.8, 244.29, 0.26, 42.3, 669.34, 133.87, 123, 'IIIB', 'IIIC2', '鳞癌', '低分化', '双侧', '有', 1, 1, 1, 1, 0, '50', '30', 4, '无', '无', 48, NULL, NULL, 'SD', '2026-04-12 15:26:42.375314+00', NULL, 0.76, '有', '是', '否', 80, 'SD');
INSERT INTO public.patients (id, case_number, sequence_number, patient_name, contact_info, age, hypertension, diabetes, cardiovascular, other_comorbidities, pregnancy_history, hpv_status, pre_treatment_tumor_size_category, pre_treatment_tumor_size, post_treatment_tumor_size, tumor_size_change, pre_scc_ag, post_scc_ag, pre_ca125, post_ca125, pre_cea, post_cea, pre_ca199, post_ca199, platelet_count, lymphocyte_count, neutrophil_count, monocyte_count, serum_albumin, plr, lmr, pni, sii, piv, pre_hemoglobin, figo_stage_2009, figo_stage_2018, pathology_type, differentiation, parametrial_invasion, vaginal_invasion, pelvic_lymph_node_metastasis, inguinal_lymph_node_metastasis, common_iliac_lymph_node_metastasis, para_aortic_lymph_node_metastasis, supraclavicular_lymph_node_metastasis, radiation_dose, brachytherapy_dose, concurrent_chemo_cycles, hyperthermia, immunotherapy, total_treatment_days, os, pfs, treatment_outcome, created_at, admission_date, tumor_size_change_pct, brachytherapy, brachytherapy_three_tube, brachytherapy_implant, eqd2_point_a, post_lymph_node_status) VALUES
	(232, '1306199', 385, '李佰杰', '13159595151', 55, 0, 0, 0, 0, NULL, NULL, 1, 5, 1.9, 3.1, 4.7, NULL, 109.8, NULL, 5.67, NULL, 7.21, NULL, 337, 1.7, 3.36, 0.3, 41.4, 198.24, 0.51, 49.9, 666.07, 199.82, 119, 'IIB', 'IIB', '腺癌', NULL, '右侧', '无', 0, 0, 0, 0, 0, '50', '32', 5, '无', '无', 46, NULL, NULL, 'PR', '2026-04-12 15:26:42.375314+00', NULL, 0.62, '有', NULL, NULL, 82, '无'),
	(235, '1308654', 765, '张玉莲', '18743777630', 71, 0, 0, 0, 0, NULL, NULL, 0, 4, 1.6, 2.4, NULL, 0.5, NULL, 10.2, NULL, 1.09, NULL, 4.16, 40, 0.5, 2.7, 0.3, 41.7, 80, 0.19, 44.2, 216, 64.8, 95, 'IIIA', 'IIIC1', '鳞癌', '中分化', '双侧', '无', 1, 0, 1, 0, 0, '50', '30', 1, '无', '无', 39, NULL, NULL, 'PR', '2026-04-12 15:26:42.375314+00', NULL, 0.6, '有', '是', '否', 80, 'PR'),
	(213, '1310291', 335, '马立兰', '15944878107', 53, 0, 0, 0, 0, NULL, NULL, 1, 5, 0.6, 4.4, 3.2, 1, 10.7, 10.5, 5.86, 2.74, NULL, NULL, 303, 2.8, 2.55, 0.6, 42.2, 108.21, 1.1, 56.2, 275.95, 165.57, 135, 'IIB', 'IIB', '鳞癌', NULL, '左侧', '无', 0, 0, 1, 0, 0, '50.4', '30', 5, '无', '无', 59, NULL, NULL, 'PR', '2026-04-12 15:26:42.375314+00', NULL, 0.88, '有', NULL, NULL, 80.4, 'PR'),
	(217, '1312400', 226, '洪海霞', '13290455889', 45, 0, 0, 0, 0, 'G2P1', NULL, 0, 4, 1.1, 2.9, 11, 0.7, 17.1, 12.6, 3.39, 0.91, 4.43, 3.13, 77, 0.6, 2.97, 0.2, 42.6, 128.33, 0.2, 45.6, 381.15, 76.23, 113, 'IIB', 'IIB', '鳞癌', NULL, '右侧', '无', 0, 0, 0, 0, 0, '50.4', '30', 5, '有', '无', 56, NULL, NULL, 'PR', '2026-04-12 15:26:42.375314+00', NULL, 0.73, '有', '否', '是', 80.4, '无'),
	(226, '1314421', 657, '刘桂侠', '13634466293', 54, 0, 0, 0, 0, NULL, NULL, 1, 5, 4.4, 0.6, 5.8, 0.3, 12.2, 8.4, 4.45, 2.91, 3.24, 3.55, 312, 1.2, 5.84, 0.4, 39.1, 260, 0.21, 45.1, 1518.4, 607.36, 113, 'IIIB', 'IIIB', '鳞癌', '高分化', '右侧', '无', 0, 1, 1, 0, 0, '50', '33', 5, '有', '无', 49, NULL, NULL, 'SD', '2026-04-12 15:26:42.375314+00', NULL, 0.12, '有', '否', '是', 83, 'PR'),
	(221, '1315386', 341, '赵雅娟', '13664379666', 53, 0, 0, 0, 0, 'G2P1', '是', 1, 4.5, 2.5, 2, 57.2, 0.5, 13.1, 19.2, 27, 0.8, 10.67, NULL, 270, 1.6, 3.14, 0.4, 46.4, 168.75, 0.51, 54.4, 529.88, 211.95, 117, 'IIB', 'IIB', '鳞癌', NULL, '左侧', '无', 0, 0, 1, 0, 0, '51', '36', 2, '无', '无', 66, NULL, NULL, 'PR', '2026-04-12 15:26:42.375314+00', NULL, 0.44, '有', '否', '是', 87, 'PR'),
	(233, '1315461', 801, '刘晓东', '15943137669', 54, 0, 0, 0, 0, NULL, NULL, 1, 6.9, 4.7, 2.2, 19.7, 1.5, NULL, 16.8, NULL, 1.86, NULL, 4.15, 267, 0.5, 3.06, 0.3, 37.8, 534, 0.16, 40.3, 1634.04, 490.21, 85, 'IVA', 'IVA', '鳞癌', NULL, '双侧', '无', 0, 1, 1, 0, 0, '45', '30', 5, '无', '无', 37, NULL, NULL, 'PR', '2026-04-12 15:26:42.375314+00', NULL, 0.32, '有', '否', '是', 75, 'PR'),
	(214, '1322887', 324, '马立兰', '17643827098', 53, 0, 0, 0, 0, NULL, NULL, 0, 3, 0.6, 2.4, 3.2, 1, 10.7, 10.5, 5.86, 2.74, NULL, NULL, 303, 2.8, 2.55, 0.6, 42.2, 108.21, 1.1, 56.2, 275.95, 165.57, 136, 'IIB', 'IIB', '鳞癌', NULL, '左侧', '无', 0, 0, 1, 0, 0, '45', '30', 5, '无', '无', 56, NULL, NULL, 'PR', '2026-04-12 15:26:42.375314+00', NULL, 0.8, '有', NULL, NULL, 75, 'PR'),
	(222, '1322987', 163, '杨晶', '18187360131', 31, 0, 0, 0, 0, NULL, '否', 1, 5, 2.5, 2.5, 7.3, 0.5, NULL, NULL, NULL, NULL, NULL, NULL, 290, 0.5, 3.59, 0.3, 43.8, 580, 0.14, 46.3, 2082.2, 624.66, 125, 'IIB', 'IIB', '鳞癌', '中低分化', '右侧', '无', 0, 0, 0, 0, 0, '45', '30', 5, '无', '无', 36, NULL, NULL, 'PR', '2026-04-12 15:26:42.375314+00', NULL, 0.5, '有', '是', '否', 75, '无'),
	(239, '1323311', 222, '经春梅', '13943667168', 45, 0, 0, 0, 0, 'G1P0', NULL, 1, 4.8, 3.5, 1.3, 18.8, 22.9, 52.2, 50.6, 4.42, 10.51, 8.33, 10.53, 256, 0.8, 6.1, 0.4, 39.3, 320, 0.13, 43.3, 1952, 780.8, 97, 'IIB', 'IIB', '鳞癌', NULL, '双侧', '无', 0, 0, 0, 0, 0, '45', '30', 2, '无', '无', 53, NULL, NULL, 'SD', '2026-04-12 15:26:42.375314+00', NULL, 0.27, '有', '否', '是', 75, '无'),
	(228, '1323871', 675, '王晓霞', '13604440108', 58, 0, 0, 0, 0, 'G2P1', '是', 1, 8.3, 2.3, 6, 0.5, 0.5, 24.1, 8.4, 1.45, 1.69, 101.61, 51.02, 213.8, 1.2, 8.5, 0.4, 46.1, 178.17, 0.14, 52.1, 1514.42, 605.77, 122, 'IIIB', 'IIIB', '鳞癌', NULL, '双侧', '无', 0, 0, 1, 0, 0, '45', '30', 2, '无', '无', 48, NULL, NULL, 'PR', '2026-04-12 15:26:42.375314+00', NULL, 0.72, '有', '否', '是', 75, 'PR'),
	(227, '1324077', 472, '姜淑云', '18340677333', 63, 0, 0, 0, 0, 'G2P1', NULL, 0, 3.4, 1.2, 2.2, 1.4, 1, 5.4, 6.5, 1.2, 1.27, NULL, NULL, 142.7, 0.7, 1.4, 0.5, 43.7, 203.86, 0.5, 47.2, 285.4, 142.7, 120, 'IIB', 'IIB', '鳞癌', NULL, '双侧', '无', 0, 0, 0, 0, 0, '45', '30', 5, '无', '无', 34, NULL, NULL, 'PR', '2026-04-12 15:26:42.375314+00', NULL, 0.65, '有', '是', '否', 75, '无'),
	(219, '1325337', 157, '张秀媛', '15850314489', 74, 1, 0, 0, 0, 'G3P3', '否', 1, 5.1, 1.7, 3.4, 4.2, NULL, 20.3, NULL, 4.67, NULL, 2.62, NULL, 309, 2.6, 2.99, 0.4, 41.4, 118.85, 0.87, 54.4, 355.35, 142.14, 107, 'IVA', 'IVA', '鳞癌', NULL, '左侧', '无', 0, 1, 1, 0, 0, '50', '32', 2, '无', '无', 47, NULL, NULL, 'PR', '2026-04-12 15:26:42.375314+00', NULL, 0.67, '有', '否', '是', 82, 'PR'),
	(236, '1327345', 346, '马杰', '15104340709', 54, 0, 0, 0, 0, 'G2P1', NULL, 1, 5.2, 3.6, 1.6, NULL, 0.8, 98.6, 27.3, 68.87, 1.04, 10.13, 3.09, 272.3, 0.2, 6.8, 0.4, 38.6, 1361.5, 0.03, 39.6, 9258.2, 3703.28, 272.3, 'IIB', 'IIB', '鳞癌', NULL, '右侧', '无', 0, 1, 1, 0, 0, '45', '30', 5, '无', '无', 53, NULL, NULL, 'PR', '2026-04-12 15:26:42.375314+00', NULL, 0.31, '有', NULL, NULL, 75, '无'),
	(238, '1335795', 617, '王宏', '15326351555', 48, 0, 0, 0, 0, NULL, NULL, 1, 4.8, 0.5, 4.3, 21.9, 48.3, 80.4, NULL, 1.86, 1.07, 7.81, 20.12, 341.7, 1.7, 5.3, 0.6, 39.7, 201, 0.32, 48.2, 1065.3, 639.18, 81.1, 'IIIB', 'IIIB', '鳞癌', '中分化', '左侧', '无', 0, 0, 1, 0, 0, '45', '30', 2, '无', '无', 89, NULL, NULL, 'PR', '2026-04-12 15:26:42.375314+00', NULL, 0.9, '有', NULL, NULL, 75, 'PR'),
	(237, '1378053', 297, '王宏', '15584638999', 51, 0, 0, 0, 0, NULL, NULL, 1, 5.6, 1.7, 3.9, 14.4, 2.2, 15.6, 7.9, 4.32, 3.03, 4.08, 4.59, 269.2, 2.5, 4.1, 0.4, 40.6, 107.68, 0.61, 53.1, 441.49, 176.6, 101, 'IIB', 'IIB', '鳞癌', NULL, '左侧', '无', 0, 1, 1, 0, 0, '50', '32', 4, '无', '无', 58, NULL, NULL, 'PR', '2026-04-12 15:26:42.375314+00', NULL, 0.7, '有', '否', '是', 82, 'PR'),
	(216, '1296431', 227, '洪海霞', '13290455889', 45, 0, 0, 0, 0, 'G2P1', NULL, 0, 4, 1.1, 2.9, 11, 0.7, 17.1, 12.6, 3.39, 0.91, 4.43, 3.13, 122, 0.6, 2.97, 0.2, 42.6, 203.33, 0.2, 45.6, 603.9, 120.78, 113, 'IIB', 'IIB', '鳞癌', '中分化', '右侧', '无', 0, 0, 0, 0, 0, '50.4', '30', 5, '有', '无', 56, NULL, NULL, 'PR', '2026-04-12 15:26:42.375314+00', NULL, 0.73, '有', '否', '是', 80.4, '无'),
	(243, '1306720', 184, '由福娟', '15333641927', 38, 0, 0, 0, 0, 'G0P0', '是', 0, 3, 2, 1, 6.5, 1.7, 149.8, 94.3, 81.38, 68.87, 81.26, 74.28, 319, 2.4, 4.06, 0.5, 45.2, 132.92, 0.59, 57.2, 539.64, 269.82, 135, 'IIB', 'IIB', '鳞癌', NULL, '双侧', '无', 0, 0, 0, 0, 0, '50.4', '30', 5, '无', '无', 73, NULL, NULL, 'PR', '2026-04-12 15:26:42.375314+00', NULL, 0.33, '有', '是', '否', 80.4, 'PR'),
	(240, '1307376', 225, '经春梅', '13943667186', 45, 0, 0, 0, 0, 'G1P0', NULL, 0, 3, 3.5, -0.5, 18.8, 22.9, 52.2, 50.6, 4.42, 10.51, 8.44, 10.53, 256, 0.8, 6.1, 0.4, 39.3, 320, 0.13, 43.3, 1952, 780.8, 97, 'IIB', 'IIB', '鳞癌', NULL, '双侧', '无', 0, 0, 0, 0, 0, '50.4', '30', 5, '无', '无', 53, NULL, NULL, 'PD', '2026-04-12 15:26:42.375314+00', NULL, -0.17, '有', NULL, NULL, 80.4, '无'),
	(241, '1307421', 182, '吴佳男', '15043626664', 36, 0, 0, 0, 0, NULL, NULL, 0, 3, 1.2, 1.8, 2.5, 0.5, 8.2, 9.2, 0.95, 0.72, 28.97, 20.67, 197.4, 2.4, 2.3, 0.5, 44.5, 82.25, 1.04, 56.5, 189.18, 94.59, 130, 'IIB', 'IIB', '鳞癌', '高分化', '双侧', '无', 0, 0, 0, 0, 0, '50.4', '30', 3, '无', '无', 75, NULL, NULL, 'PR', '2026-04-12 15:26:42.375314+00', NULL, 0.6, '有', NULL, NULL, 80.4, '无'),
	(244, '1307671', 195, '张玉平', '15948270575', 41, 0, 0, 0, 0, 'G4P2', NULL, 0, 2.6, 1.2, 1.4, 4.5, 2.2, 13.7, NULL, 1.47, NULL, 5.33, NULL, 448, 1.8, 6.47, 0.6, 42.9, 248.89, 0.28, 51.9, 1610.31, 966.19, 93, 'IIB', 'IIB', '鳞癌', NULL, '左侧', '无', 0, 0, 0, 0, 0, '50.4', '30', 4, '无', '无', 56, NULL, NULL, 'PR', '2026-04-12 15:26:42.375314+00', NULL, 0.54, '有', '是', '否', 80.4, '无'),
	(262, '1308863', 673, '迟玉梅', '15618389251', 57, 0, 0, 0, 0, NULL, NULL, 1, 5, 0.9, 4.1, 29.2, NULL, 14, NULL, 7.04, NULL, 13.04, NULL, 231, 2.1, 5.53, 0.5, 43.6, 110, 0.38, 54.1, 608.3, 304.15, 124, 'IIIB', 'IIIB', '鳞癌', NULL, '左侧', '无', 0, 0, 1, 0, 0, '50', '33', 4, '无', '无', 46, NULL, NULL, 'PR', '2026-04-12 15:26:42.375314+00', NULL, 0.82, '有', '否', '是', 83, 'PR'),
	(246, '1308926', 761, '王雪', '13514467083', 52, 0, 0, 0, 0, NULL, NULL, 1, 7.1, 3.4, 3.7, 5.7, 0.4, 14.5, 9.3, 1.34, 1.89, 3.33, NULL, 312, 1.4, 5.42, 0.2, 44.1, 222.86, 0.26, 51.1, 1207.89, 241.58, 75, 'IIIA', 'IIIC1', '鳞癌', NULL, '左侧', '有', 1, 0, 0, 0, 0, '50', '30', 1, '无', '无', 67, NULL, NULL, 'PR', '2026-04-12 15:26:42.375314+00', NULL, 0.52, '有', NULL, NULL, 80, 'PR'),
	(247, '1309588', 312, '郭玉芬', '13843195633', 52, 0, 0, 0, 0, NULL, NULL, 0, 4, 1.2, 2.8, 0.7, 0.6, 34, 32, 1.74, 0.78, 9.89, 15.3, 221.3, 1.5, 4.2, 0.4, 45.4, 147.53, 0.36, 52.9, 619.64, 247.86, 129, 'IIB', 'IIB', '鳞癌', NULL, '双侧', '无', 0, 0, 0, 0, 0, '50.4', '30', 5, '无', '无', 55, NULL, NULL, 'PR', '2026-04-12 15:26:42.375314+00', NULL, 0.7, '有', '否', '是', 80.4, '无'),
	(248, '1310214', 421, '张永顺', '13578999656', 57, 0, 0, 0, 0, NULL, NULL, 0, 1.9, 0.6, 1.3, 1.5, 0.9, 10.4, 15.7, 2.56, 1.64, 12.2, 14.52, 178, 1.1, 2.96, 0.3, 44.5, 161.82, 0.37, 50, 478.98, 143.69, 130, 'IIB', 'IIB', '鳞癌', NULL, '右侧', '无', 0, 0, 0, 0, 0, '50', '31', 3, '无', '无', 43, NULL, NULL, 'PR', '2026-04-12 15:26:42.375314+00', NULL, 0.68, '有', NULL, NULL, 81, '无'),
	(251, '1312560', 666, '李桂玲', '13614433974', 56, 0, 0, 0, 0, 'G2P1', NULL, 0, 3.8, 1.8, 2, 9.1, 1, 26.7, 26.3, 7.23, 4.41, 2.76, 2.04, 230, 2.4, 4.98, 0.5, 44.3, 95.83, 0.48, 56.3, 477.25, 238.63, 144, 'IIIB', 'IIIB', '鳞癌', NULL, '双侧', '无', 0, 0, 0, 0, 0, '50', '30', 5, '无', '无', 61, NULL, NULL, 'PR', '2026-04-12 15:26:42.375314+00', NULL, 0.53, '有', '是', '是', 80, 'PR'),
	(255, '1315164', 249, '张春霞', '15943818893', 47, 0, 0, 0, 0, 'G4P2', NULL, 0, 4, 3, 1, 4.3, 0.5, 49.8, 17.2, 1.78, 1.4, 21.53, 8.66, 360.6, 1.1, 5.8, 0.3, 46.7, 327.82, 0.19, 52.2, 1901.35, 570.4, 138, 'IIB', 'IIB', '鳞癌', NULL, '左侧', '无', 0, 0, 0, 0, 0, '50', '32', 5, '无', '无', 44, NULL, NULL, 'SD', '2026-04-12 15:26:42.375314+00', NULL, 0.25, '有', '否', '是', 82, '无'),
	(257, '1316683', 775, '刘彦君', '13159756020', 71, 0, 0, 0, 0, 'G3P3', NULL, 1, 4.5, 0.8, 3.7, 35.2, NULL, 7.1, NULL, 4.11, NULL, 3.55, NULL, 227.5, 0.8, 4.8, 0.4, 37.5, 284.38, 0.17, 41.5, 1365, 546, 126, 'IIIB', 'IIIC1', '鳞癌', '中分化', '右侧', '无', 1, 0, 1, 0, 0, '50', '33', 5, '无', '无', 59, NULL, NULL, 'PR', '2026-04-12 15:26:42.375314+00', NULL, 0.82, '有', '是', '是', 83, 'PR'),
	(267, '1317057', 351, '袁俊兰', '18946779303', 54, 0, 0, 0, 0, NULL, NULL, 1, 6.5, 3.7, 2.8, NULL, 0.7, NULL, 14.9, NULL, 2.08, NULL, 26.49, 258.2, 1.7, 3.1, 0.4, 45.8, 151.88, 0.55, 54.3, 470.84, 188.33, 134, 'IIB', 'IIB', '鳞癌', NULL, '左侧', '无', 0, 0, 1, 0, 0, '45', '30', 3, '无', '无', 56, NULL, NULL, 'PR', '2026-04-12 15:26:42.375314+00', NULL, 0.43, '有', NULL, NULL, 75, 'PR'),
	(259, '1317170', 469, '柴景华', '18004436211', 62, 0, 0, 0, 0, NULL, NULL, 0, 4, 3.6, 0.4, 4, 0.3, 15.2, 14.1, 1.26, 1.05, 3.95, 4.4, 194, 1.9, 4.09, 0.3, 46.3, 102.11, 0.46, 55.8, 417.61, 125.28, 140, 'IIB', 'IIB', '鳞癌', NULL, '双侧', '无', 0, 0, 1, 0, 0, '50', '34', 6, '无', '无', 57, NULL, NULL, 'SD', '2026-04-12 15:26:42.375314+00', NULL, 0.1, '有', '否', '是', 84, 'PR'),
	(263, '1319240', 83, '刘梅', '15948277776', 47, 1, 0, 0, 0, 'G2P1', NULL, 1, 4.2, 2.4, 1.8, 1, 0.6, 12.3, 22.6, 1.8, 1.33, 38.26, 32.63, 331, 1.3, 4.67, 0.5, 44.7, 254.62, 0.28, 51.2, 1189.05, 594.53, 127, 'IIB', 'IIB', '鳞癌', NULL, '双侧', '无', 0, 0, 0, 0, 0, '45', '30', 5, '无', '无', 49, NULL, NULL, 'PR', '2026-04-12 15:26:42.375314+00', NULL, 0.43, '有', '是', '否', 75, '无'),
	(264, '1319256', 6, '王宝芝', '15114407890', 62, 0, 0, 1, 0, 'G1P1', NULL, 1, 5, 2.2, 2.8, 20.6, NULL, 16, NULL, 2.62, NULL, 31.05, NULL, 291.8, 1.4, 2.3, 0.3, 40.3, 208.43, 0.61, 47.3, 479.39, 143.82, 129, 'IIB', 'IIB', '鳞癌', NULL, '双侧', '无', 0, 1, 0, 0, 0, '45', '30', 2, '无', '无', 54, NULL, NULL, 'PR', '2026-04-12 15:26:42.375314+00', NULL, 0.56, '有', '是', '否', 75, 'PR'),
	(254, '1331708', 366, '李术艳', '15843190159', 55, 0, 0, 0, 0, 'G3P1', '是', 0, 2.9, 0.8, 2.1, 1.4, 0.4, 4.3, 5.4, 1.81, 1.31, 12.3, 19.43, 183, 0.6, 3.14, 0.4, 45.9, 305, 0.19, 48.9, 957.7, 383.08, 119, 'IIB', 'IIB', '鳞癌', NULL, '双侧', '无', 0, 0, 0, 0, 0, '45', '30', 5, '有', '无', 42, NULL, NULL, 'PR', '2026-04-12 15:26:42.375314+00', NULL, 0.72, '有', '是', '否', 75, '无'),
	(249, '1334012', 687, '高淑云', '18043655556', 60, 0, 0, 0, 0, NULL, NULL, 1, 6.6, 3, 3.6, 63.8, 0.8, 13.3, 12.1, 3.36, 0.54, 7.72, 2.77, 252, 1.1, 5.17, 0.4, 42.9, 229.09, 0.21, 48.4, 1184.4, 473.76, 132, 'IIIB', 'IIIB', '鳞癌', NULL, '左侧', '无', 0, 1, 1, 0, 0, '45', '34', 6, '无', '无', 80, NULL, NULL, 'PR', '2026-04-12 15:26:42.375314+00', NULL, 0.55, '有', '否', '是', 79, 'PR'),
	(266, '1340395', 191, '张鑫', '13844416787', 41, 0, 0, 0, 0, 'G3P1', NULL, 0, 2.9, 0.8, 2.1, 1.1, 1, 8.8, 6.9, 0.77, 0.54, 3.29, 2.89, 331, 2.4, 7.39, 0.8, 42.1, 137.92, 0.32, 54.1, 1019.2, 815.36, 120, 'IIB', 'IIB', '鳞癌', NULL, '双侧', '无', 0, 1, 1, 0, 0, '45', '30', 3, '无', '无', 77, NULL, NULL, 'PR', '2026-04-12 15:26:42.375314+00', NULL, 0.72, '有', '有', '否', 75, 'CR'),
	(258, '1340620', 794, '尹艳丹', '13514317547', 48, 0, 0, 0, 0, 'G1P1', NULL, 0, 4, 2.2, 1.8, 0.5, 1, 8.5, 7.6, 0.6, 0.5, 23.33, 17.83, 333, 1.1, 16.59, 0.8, 41.2, 302.73, 0.07, 46.7, 5022.25, 4017.8, 121, 'IVA', 'IVA', '小细胞癌', NULL, '双侧', '有', 1, 0, 1, 0, 0, '45', '30', 4, '无', '无', 87, NULL, NULL, 'PR', '2026-04-12 15:26:42.375314+00', NULL, 0.45, '有', '否', '有', 75, 'PD'),
	(261, '1343701', 718, '香春', '13948974626', 37, 0, 0, 0, 0, NULL, NULL, 0, 3.6, 0.06, 3.54, 68.4, 1.8, 23.1, 19.9, 1.83, 1.2, 44.76, 68.04, 287, 0.7, 3.77, 0.5, 41.1, 410, 0.19, 44.6, 1545.7, 772.85, 103, 'IIB', 'IIIC1', '鳞癌', NULL, '左侧', '无', 1, 1, 0, 0, 0, '45', '30', 4, '无', '无', 53, NULL, NULL, 'PR', '2026-04-12 15:26:42.375314+00', NULL, 0.98, '有', '有', '否', 75, 'CR'),
	(260, '1344159', 722, '韩霜', '13664826676', 41, 0, 0, 0, 0, 'G2P1', NULL, 1, 7.6, 2.7, 4.9, 41.1, 0.3, 17.7, 29.6, 1.02, 1.01, 7.72, 9.89, 562, 2.1, 6.63, 0.9, 39.4, 267.62, 0.32, 49.9, 1774.31, 1596.88, 77, 'IIB', 'IIIC1', '鳞癌', NULL, '左侧', '无', 1, 1, 1, 0, 0, '45', '0', 6, '无', '无', 73, NULL, NULL, 'PR', '2026-04-12 15:26:42.375314+00', NULL, 0.64, '否', '否', '否', 45, 'CR'),
	(253, '1345343', 342, '夏海文', '13630534948', 53, 0, 0, 0, 0, 'G1P1', NULL, 1, 5, 2, 3, NULL, 0.8, NULL, 11.4, NULL, 1.65, NULL, 7.98, 29, 0.1, 1.58, 0.2, 41.4, 290, 0.06, 41.9, 458.2, 91.64, 101, 'IIB', 'IIB', '腺鳞癌', '低分化', '双侧', '无', 0, 0, 0, 0, 0, '45', '30', 5, '有', '无', 54, NULL, NULL, 'PR', '2026-04-12 15:26:42.375314+00', NULL, 0.6, '有', '有', '否', 75, 'CR'),
	(265, '1351558', 798, '宋颜春', '15331862095', 52, 0, 0, 0, 0, 'G2P2', NULL, 1, 7, 2.8, 4.2, NULL, 0.9, NULL, 26.3, NULL, 1.26, NULL, 9.37, 284, 0.6, 3.5, 0.3, 44, 473.33, 0.17, 47, 1656.67, 497, 103, 'IVA', 'IVA', '鳞癌', '中分化', '双侧', '有', 1, 0, 0, 0, 1, '45', '32', 5, '无', '无', 62, NULL, NULL, 'PR', '2026-04-12 15:26:42.375314+00', NULL, 0.6, '有', '否', '有', 77, 'CR'),
	(245, '1360873', 80, '王雪', '18604824478', 37, 1, 0, 0, 0, 'G1P1', '是', 0, 4, 1.8, 2.2, 0.1, NULL, 18, NULL, 2.84, NULL, 22.26, NULL, 333, 2.4, 2.93, 0.3, 43.8, 138.75, 0.82, 55.8, 406.54, 121.96, 137, 'IIB', 'IIB', '鳞癌', NULL, '右侧', '无', 0, 0, 0, 0, 0, '46.8', '30', 5, '无', '无', 61, NULL, NULL, 'PR', '2026-04-12 15:26:42.375314+00', NULL, 0.55, '有', '是', '否', 76.8, '无'),
	(256, '1372170', 671, '于桂芬', '15143345278', 56, 0, 0, 0, 0, NULL, NULL, 1, 4.8, 2.4, 2.4, 12, 7.3, 129.6, 45.8, 75.22, 4.92, 351.49, 57.38, 260, 1.6, 5.95, 0.3, 41, 162.5, 0.27, 49, 966.88, 290.06, 129, 'IIIB', 'IIIB', '鳞癌', '中分化', '双侧', '无', 0, 1, 0, 0, 0, '50', '36', 5, '无', '无', 68, NULL, NULL, 'SD', '2026-04-12 15:26:42.375314+00', NULL, 0.5, '有', '否', '是', 86, 'SD'),
	(250, '1305080', 448, '史忠凤', '17678391792', 59, 0, 0, 0, 0, 'G2P1', NULL, 0, 1.4, 0.6, 0.8, 0.7, 0.3, 3.7, 7.6, 1.12, 0.5, NULL, NULL, 108.9, 0.4, 1.6, 0.1, 37.9, 272.25, 0.25, 39.9, 435.6, 43.56, 111, 'IIB', 'IIB', '鳞癌', NULL, '双侧', '无', 0, 0, 1, 0, 0, '50', '32', 2, '无', '无', 51, NULL, NULL, 'PR', '2026-04-12 15:26:42.375314+00', NULL, 0.57, '有', NULL, NULL, 82, '无'),
	(272, '1323482', 852, '顾淑珍', '1.3944E+10', 65, 0, 0, 0, 0, NULL, NULL, 0, 2.7, 1.3, 1.4, 9, NULL, 19.2, NULL, 4.06, NULL, 52.3, NULL, 166, 0.3, 4.27, 0.4, 42.4, NULL, NULL, NULL, NULL, NULL, 134, 'IIA1', 'IIA1', '鳞癌', NULL, '0', '0', 0, 1, 1, 0, 0, '50', '31', 3, '0', '0', 50, NULL, NULL, 'PR', '2026-04-12 15:26:42.375314+00', '2020/8/24', 0.52, '有', '否', '是', 81, 'PR'),
	(271, '1321737', 430, '高秀华', '13843308345', 58, 0, 0, 0, 0, NULL, NULL, 1, 6.7, 2.2, 4.5, 36.2, NULL, 9.5, NULL, 1.99, NULL, 3.2, NULL, 282, 1.7, 4.18, 0.4, 48.3, 165.88, 0.41, 56.8, 693.39, 277.36, 134, 'IIB', 'IIB', '鳞癌', NULL, '双侧', '无', 0, 1, 0, 0, 0, '45', '30', 5, '无', '无', 48, NULL, NULL, 'PR', '2026-04-12 15:26:42.375314+00', NULL, 0.67, '有', '是', '否', 75, 'PR'),
	(273, '1325780', 505, '李忠霞', '13833524522', 66, 0, 0, 0, 0, NULL, NULL, 1, 4.9, 1.7, 3.2, 12.6, NULL, 37.1, NULL, 6.79, NULL, 17.06, NULL, 272, 1.8, 5.03, 0.5, 39, 151.11, 0.36, 48, 760.09, 380.04, 111, 'IIB', 'IIB', '鳞癌', NULL, '双侧', '无', 0, 1, 1, 0, 0, '45', '30', 4, '无', '无', 54, NULL, NULL, 'PR', '2026-04-12 15:26:42.375314+00', NULL, 0.65, '有', '是', '否', 75, 'PR'),
	(274, '1328680', 21, '郭云', '13844122119', 71, 0, 0, 0, 0, NULL, NULL, 1, 4.9, 2.2, 2.7, 2.7, 1.3, NULL, NULL, NULL, NULL, NULL, NULL, 242, 1.5, 4.32, 0.5, 43.9, 161.33, 0.35, 51.4, 696.96, 348.48, 143, 'IIIA', 'IIIA', '鳞癌', NULL, '双侧', '有', 0, 0, 0, 0, 0, '45', '30', 4, '无', '无', 69, NULL, NULL, 'PR', '2026-04-12 15:26:42.375314+00', NULL, 0.55, '有', '是', '否', 75, '无'),
	(275, '1328770', 496, '裴京淑', '15604437723', 65, 0, 0, 0, 0, 'G3P2', '是', 0, 3.5, 1.2, 2.3, 4.6, 1.1, 22.7, 12.5, 5.41, 2.29, 20.04, 7.82, 322.4, 2.1, 1.4, 0.3, 37.5, 153.52, 1.5, 48, 214.93, 64.48, 122, 'IIB', 'IIB', '鳞癌', '中分化', '左侧', '无', 0, 0, 0, 0, 0, '45', '30', 5, '无', '无', 45, NULL, NULL, 'PR', '2026-04-12 15:26:42.375314+00', NULL, 0.66, '有', '是', '否', 75, '无'),
	(277, '1329536', 793, '朱艳华', '15568844212', 47, 0, 0, 0, 0, NULL, NULL, 1, 4.9, 1.4, 3.5, 1.4, 0.5, 51.5, 20.6, 13.43, 0.72, 9.01, 2.22, 273, 1.4, 5.48, 0.4, 43.7, 195, 0.26, 50.7, 1068.6, 427.44, 149, 'IVA', 'IVA', '腺癌', NULL, '左侧', '无', 0, 0, 0, 0, 0, '45', '30', 2, '无', '无', 46, NULL, NULL, 'PR', '2026-04-12 15:26:42.375314+00', NULL, 0.71, '有', '否', '是', 75, '无'),
	(278, '1329685', 518, '徐佩英', '15904415432', 67, 0, 0, 0, 0, 'G2P1', NULL, 1, 4.5, 2.8, 1.7, 3.1, 1.3, 12.2, 28.7, 3.63, 2.12, 2.18, 2.29, 285, 7.8, 3.96, 0.5, 45.7, 36.54, 1.97, 84.7, 144.69, 72.35, 140, 'IIB', 'IIB', '鳞癌', NULL, '双侧', '无', 0, 0, 0, 0, 0, '45', '30', 5, '无', '无', 62, NULL, NULL, 'PR', '2026-04-12 15:26:42.375314+00', NULL, 0.38, '有', '否', '是', 75, '无');
INSERT INTO public.patients (id, case_number, sequence_number, patient_name, contact_info, age, hypertension, diabetes, cardiovascular, other_comorbidities, pregnancy_history, hpv_status, pre_treatment_tumor_size_category, pre_treatment_tumor_size, post_treatment_tumor_size, tumor_size_change, pre_scc_ag, post_scc_ag, pre_ca125, post_ca125, pre_cea, post_cea, pre_ca199, post_ca199, platelet_count, lymphocyte_count, neutrophil_count, monocyte_count, serum_albumin, plr, lmr, pni, sii, piv, pre_hemoglobin, figo_stage_2009, figo_stage_2018, pathology_type, differentiation, parametrial_invasion, vaginal_invasion, pelvic_lymph_node_metastasis, inguinal_lymph_node_metastasis, common_iliac_lymph_node_metastasis, para_aortic_lymph_node_metastasis, supraclavicular_lymph_node_metastasis, radiation_dose, brachytherapy_dose, concurrent_chemo_cycles, hyperthermia, immunotherapy, total_treatment_days, os, pfs, treatment_outcome, created_at, admission_date, tumor_size_change_pct, brachytherapy, brachytherapy_three_tube, brachytherapy_implant, eqd2_point_a, post_lymph_node_status) VALUES
	(281, '1330217', 427, '许凤', '13944725577', 58, 0, 0, 0, 0, 'G1P1', NULL, 0, 3.5, 2.1, 1.4, 50.5, 4.5, 53.1, 24.7, 2.83, 1.75, 42.45, 11.48, 340.6, 1.5, 7.2, 0.5, 41.3, 227.07, 0.21, 48.8, 1634.88, 817.44, 139, 'IIB', 'IIB', '鳞癌', NULL, '左侧', '无', 0, 1, 0, 0, 0, '45', '24', 6, '无', '无', 56, NULL, NULL, 'PR', '2026-04-12 15:26:42.375314+00', NULL, 0.4, '有', '是', '否', 69, 'PR'),
	(283, '1332349', 154, '侯雅艳', '13504427076', 57, 1, 0, 0, 0, NULL, NULL, 0, 3.4, 0.6, 2.8, 2, 3.8, 16.1, 22.9, 1.92, 5.44, 3.08, 2.63, 243, 2.1, 3.5, 0.3, 44.3, 115.71, 0.6, 54.8, 405, 121.5, 137, 'IVA', 'IVA', '鳞癌', NULL, '双侧', '无', 0, 1, 1, 0, 0, '50', '34', 2, '无', '无', 62, NULL, NULL, 'PR', '2026-04-12 15:26:42.375314+00', NULL, 0.82, '有', '否', '是', 84, 'PR'),
	(286, '1333561', 703, '李云霞', '13944042111', 64, 0, 0, 0, 0, NULL, NULL, 0, 4, 1.6, 2.4, 31.2, NULL, 11.2, NULL, 3.66, NULL, 4.61, NULL, 226, 2.1, 3.14, 0.4, 41.4, 107.62, 0.67, 51.9, 337.92, 135.17, 132, 'IIIB', 'IIIB', '鳞癌', '中分化', '双侧', '有', 0, 1, 1, 0, 0, '45', '0', 5, '无', '无', 58, NULL, NULL, 'PR', '2026-04-12 15:26:42.375314+00', NULL, 0.6, '无', '否', '否', 45, 'PR'),
	(285, '1333909', 18, '刘桂兰', '15043076743', 60, 0, 0, 0, 0, 'G1P1', NULL, 0, 2.8, 1.4, 1.4, 1.7, NULL, NULL, NULL, NULL, NULL, NULL, NULL, 174, 2, 3.62, 0.2, 44.8, 87, 0.55, 54.8, 314.94, 62.99, 132, 'IIB', 'IIB', '鳞癌', '中分化', '双侧', '无', 0, 0, 1, 0, 0, '45', '30', 4, '无', '替雷利珠', 77, NULL, NULL, 'PR', '2026-04-12 15:26:42.375314+00', NULL, 0.5, '有', NULL, NULL, 75, 'PR'),
	(284, '1334171', 91, '李慧春', '15944047253', 57, 1, 0, 0, 0, 'G2P1', '是', 0, 4, 2.2, 1.8, 37.4, 0.1, 15.5, 27.4, 3.56, 0.99, 9.07, 6.76, 217, 1, 3.16, 0.2, 46.5, 217, 0.32, 51.5, 685.72, 137.14, 135, 'IIB', 'IIB', '鳞癌', NULL, '双侧', '无', 0, 1, 1, 0, 0, '45', '30', 5, '无', '无', 43, NULL, NULL, 'PR', '2026-04-12 15:26:42.375314+00', NULL, 0.45, '有', '是', '否', 75, 'PR'),
	(289, '1338168', 806, '张苏', '13944193699', 56, 0, 0, 0, 0, 'G1P1', NULL, 1, 4.2, 1.8, 2.4, 0.5, 1.1, 14.6, 32.5, 1.76, 1.55, 7.35, 4.11, 163.9, 0.8, 2.7, 0.3, 24.2, 204.88, 0.3, 28.2, 553.16, 165.95, 116, 'IVA', 'IVA', '鳞癌', NULL, '无', '无', 1, 0, 0, 0, 0, '45', '0', 4, '无', '特瑞普利', 85, NULL, NULL, 'PR', '2026-04-12 15:26:42.375314+00', NULL, 0.57, '无', '否', '否', 45, 'PD'),
	(294, '1338518', 20, '邢秀芝', '18943991535', 65, 0, 0, 0, 0, 'G3P1', '是', 0, 2.5, 0.4, 2.1, 0.4, 0.2, 23.4, 23.8, 3.12, 2, NULL, NULL, 105, 0.6, 1.91, 0.4, 43.3, 175, 0.31, 46.3, 334.25, 133.7, 84, 'IIB', 'IIB', '鳞癌', NULL, '左侧', '无', 0, 0, 0, 0, 0, '45', '30', 5, '有', '无', 57, NULL, NULL, 'PR', '2026-04-12 15:26:42.375314+00', NULL, 0.84, '有', '否', '是', 75, '无'),
	(291, '1338539', 147, '于淑英', '15143616039', 67, 1, 0, 0, 0, NULL, NULL, 1, 5, 2.6, 2.4, NULL, NULL, NULL, NULL, NULL, NULL, NULL, NULL, 130.4, 0.4, 1.8, 0.1, 41.2, 326, 0.22, 43.2, 586.8, 58.68, 106, 'IIB', 'IIIC1', '腺癌', NULL, '无', '无', 1, 1, 1, 0, 0, '45.2', '0', 2, '无', '无', 58, NULL, NULL, 'PR', '2026-04-12 15:26:42.375314+00', NULL, 0.48, '无', '否', '否', 45.2, 'PR'),
	(292, '1339455', 483, '高士玲', '13944065312', 64, 0, 0, 0, 0, 'G1P1', NULL, 1, 4.8, 2.7, 2.1, 11.4, 0.6, 203.8, 50.4, 2.59, 1.99, 21.61, 7.42, 241.9, 0.5, 2.8, 0.3, 40.3, 483.8, 0.18, 42.8, 1354.64, 406.39, 125, 'IIB', 'IIB', '鳞癌', NULL, '双侧', '无', 0, 1, 1, 0, 0, '45', '30', 5, '有', '无', 53, NULL, NULL, 'PR', '2026-04-12 15:26:42.375314+00', NULL, 0.44, '有', '否', '是', 75, 'PR'),
	(293, '1339466', 345, '孙丽霞', '18643518025', 54, 0, 0, 0, 0, 'G1P1', NULL, 1, 5, 1.2, 3.8, 2.6, 0.4, 13.4, 12, 1.98, 1.58, 8.5, 7.55, 231, 1, 4.15, 0.3, 44.5, 231, 0.24, 49.5, 958.65, 287.6, 136, 'IIB', 'IIB', '鳞癌', NULL, '右侧', '无', 0, 0, 0, 0, 0, '45', '30', 5, '无', '无', 58, NULL, NULL, 'PR', '2026-04-12 15:26:42.375314+00', NULL, 0.76, '有', '是', '否', 75, '无'),
	(290, '1339785', 719, '闫盛楠', '18844163001', 38, 0, 0, 0, 0, NULL, NULL, 0, 4, 2.8, 1.2, 2, NULL, 11.7, NULL, 0.62, NULL, 13.9, NULL, 201, 1.1, 2.9, 0.2, 44.7, 182.73, 0.38, 50.2, 529.91, 105.98, 122, 'IIB', 'IIIC1', '鳞癌', NULL, '双侧', '无', 1, 1, 0, 0, 0, '45', '35', 5, '无', '无', 72, NULL, NULL, 'SD', '2026-04-12 15:26:42.375314+00', NULL, 0.3, '有', '否', '是', 80, 'PR'),
	(282, '1345039', 343, '王丽春', '13947515267', 54, 0, 0, 0, 0, 'G1P1', NULL, 1, 5.5, 2.2, 3.3, 4.9, 0.8, 14.7, NULL, 3.32, NULL, 4.57, NULL, 314.3, 1.7, 4.3, 7.4, 39.3, 184.88, 0.4, 47.8, 794.99, 5882.96, 103, 'IIB', 'IIB', '鳞癌', NULL, '双侧', '无', 0, 1, 1, 0, 0, '45', '30', 2, '无', '无', 61, NULL, NULL, 'PR', '2026-04-12 15:26:42.375314+00', NULL, 0.6, '有', '有', '否', 75, 'CR'),
	(287, '1353925', 176, '李春连', '13404566086', 35, 0, 0, 0, 0, 'G1P1', NULL, 0, 3.9, 2.2, 1.7, NULL, 0.1, NULL, 12.6, NULL, NULL, NULL, 3.71, 326, 2.5, 5.5, 0.5, 43.3, 130.4, 0.45, 55.8, 717.2, 358.6, 137, 'IIB', 'IIB', '鳞癌', NULL, '无', '无', 0, 0, 0, 0, 0, '45', '22', 4, '无', '无', 60, NULL, NULL, 'PR', '2026-04-12 15:26:42.375314+00', NULL, 0.44, '有', NULL, NULL, 67, '无'),
	(270, '1353931', 99, '刘洋文', '18246994326', 61, 1, 0, 0, 0, 'G5P1', '是', 0, 2.6, 0.6, 2, 5.8, 0.4, 25.7, 18.7, 3.86, 1.52, 7.24, 2.69, 229, 2.1, 5.73, 0.4, 44, 109.05, 0.37, 54.5, 624.84, 249.94, 136, 'IIB', 'IIB', '鳞癌', '中分化', '左侧', '无', 0, 0, 1, 0, 0, '45', '30', 5, '是', '无', 71, NULL, NULL, 'PR', '2026-04-12 15:26:42.375314+00', NULL, 0.77, '有', '是', '是', 75, 'CR'),
	(279, '1355153', 646, '张孝杰', '13894191258', 53, 0, 0, 0, 0, NULL, NULL, 1, 5, 1.2, 3.8, NULL, 1.2, NULL, 10, NULL, 0.95, NULL, 44.5, 209, 0.8, 4.09, 0.2, 40.4, 261.25, 0.2, 44.4, 1068.51, 213.7, 134, 'IIIB', 'IIIB', '鳞癌', '中低分化', '左侧', '无', 0, 1, 1, 0, 0, '50.4', '30', 5, '无', '无', 71, NULL, NULL, 'PR', '2026-04-12 15:26:42.375314+00', NULL, 0.76, '有', '否', '是', 80.4, 'PR'),
	(288, '1361129', 177, '李春连', '13624489187', 35, 0, 0, 0, 0, NULL, NULL, 0, 3.9, 1.6, 2.3, NULL, 0.1, NULL, 12.6, NULL, NULL, NULL, 3.71, 326, 2.5, 5.5, 0.5, 43.3, 130.4, 0.45, 55.8, 717.2, 358.6, 137, 'IIB', 'IIB', '鳞癌', NULL, '双侧', '无', 0, 0, 0, 0, 0, '45', '22', 3, '无', '无', 60, NULL, NULL, 'PR', '2026-04-12 15:26:42.375314+00', NULL, 0.59, '有', NULL, NULL, 67, '无'),
	(280, '1432452', 311, '常曙光', '13009066096', 52, 0, 0, 0, 0, NULL, NULL, 1, 5, 2.4, 2.6, 21.2, 1, 12.2, 7.2, 2.47, 1.5, 13.73, 8.19, 236, 2.6, 4.56, 0.4, 47.8, 90.77, 0.57, 60.8, 413.91, 165.56, 148, 'IIB', 'IIB', '鳞癌', NULL, '双侧', '无', 0, 0, 0, 0, 0, '50.4', '30', 5, '无', '无', 56, NULL, NULL, 'PR', '2026-04-12 15:26:42.375314+00', NULL, 0.52, '有', NULL, NULL, 80.4, '无'),
	(276, '1451152', 251, '朱艳华', '15568844212', 47, 0, 0, 0, 0, NULL, NULL, 1, 4.9, 1.6, 3.3, 1.4, 0.5, 51.5, 20.6, 13.43, 0.72, 9.01, 2.22, 273, 1.4, 5.48, 0.4, 43.7, 195, 0.26, 50.7, 1068.6, 427.44, 149, 'IIB', 'IIB', '腺癌', NULL, '左侧', '无', 0, 0, 0, 0, 0, '50.4', '30', 1, '无', '无', 52, NULL, NULL, 'PR', '2026-04-12 15:26:42.375314+00', NULL, 0.67, '有', '否', '是', 80.4, '无'),
	(269, '1321442', 100, '刘洋文', '13943657005', 61, 1, 0, 0, 0, 'G5P1', NULL, 0, 2.6, 1.7, 0.9, 5.8, 1.7, 25.7, 19.7, 3.86, 1.47, 7.24, 2.57, 229, 2.1, 5.73, 0.4, 44, 109.05, 0.37, 54.5, 624.84, 249.94, 136, 'IIB', 'IIB', '鳞癌', NULL, '左侧', '无', 0, 0, 0, 0, 0, '45', '30', 5, '有', '无', 71, NULL, NULL, 'PR', '2026-04-12 15:26:42.375314+00', NULL, 0.35, '有', '是', '是', 75, '无'),
	(310, '1379216', 845, '王世玲', '1.3579E+10', 74, 0, 0, 0, 0, NULL, NULL, 1, 4.8, 1.6, 3.2, 0.8, NULL, 19.3, NULL, 3.88, NULL, 2.09, NULL, 186.8, 2.7, 4.4, 0.5, 39.6, NULL, NULL, NULL, NULL, NULL, 138, 'IB2', 'IB3', '鳞癌', NULL, '0', '0', 0, 0, 0, 0, 0, '50.4', '30', 5, '0', '0', 42, NULL, NULL, 'PR', '2026-04-12 15:26:42.375314+00', '#########', 0.67, '有', '是', '否', 80.4, '无'),
	(297, '1340093', 424, '卢政环', '13894342466', 57, 0, 0, 0, 0, NULL, NULL, 1, 4.6, 2.2, 2.4, 1.5, 0.4, 34.9, 9.3, 3.55, 1.29, NULL, 2.26, 282.9, 1.7, 5.9, 0.4, 42.1, 166.41, 0.29, 50.6, 981.83, 392.73, 128, 'IIB', 'IIB', '腺癌', NULL, '左侧', '无', 0, 1, 1, 0, 0, '45', '30', 2, '无', '无', 54, NULL, NULL, 'PR', '2026-04-12 15:26:42.375314+00', NULL, 0.52, '有', '否', '是', 75, 'PR'),
	(299, '1341994', 440, '万玉霞', '13664456203', 59, 0, 0, 0, 0, 'G1P1', NULL, 1, 7.2, 4.5, 2.7, 11, NULL, 12.5, NULL, 1.19, NULL, 4.46, NULL, 286.6, 1, 4.2, 0.3, 44.3, 286.6, 0.24, 49.3, 1203.72, 361.12, 136, 'IIB', 'IIB', '鳞癌', NULL, '双侧', '无', 0, 0, 0, 0, 0, '45', '31', 5, '无', '无', 47, NULL, NULL, 'PR', '2026-04-12 15:26:42.375314+00', NULL, 0.38, '有', '有', '有', 76, '无'),
	(301, '1344216', 121, '佟桂香', '13693281423', 71, 1, 0, 0, 0, 'G3P3', '是', 1, 5.5, 3.2, 2.3, NULL, 0.2, NULL, 7.9, NULL, 2.7, NULL, 4.84, 245, 0.2, 1.57, 0.3, 39.7, 1225, 0.13, 40.7, 1923.25, 576.98, 93, 'IIB', 'IIB', '鳞癌', NULL, '双侧', '无', 0, 1, 1, 0, 0, '45', '30', 5, '无', '无', 67, NULL, NULL, 'PR', '2026-04-12 15:26:42.375314+00', NULL, 0.42, '有', '有', '否', 75, 'CR'),
	(304, '1346382', 737, '陈玉华', '18686688884', 54, 0, 0, 0, 0, 'G1P1', NULL, 0, 3.8, 1.6, 2.2, 18, NULL, 11.2, NULL, 2.79, NULL, 3.57, NULL, 191, 1, 2.33, 0.3, 40.4, 191, 0.43, 45.4, 445.03, 133.51, 113, 'IIB', 'IIIC1', '鳞癌', NULL, '左侧', '无', 1, 0, 1, 0, 0, '45', '28', 2, '无', '卡瑞丽珠', 53, NULL, NULL, 'PR', '2026-04-12 15:26:42.375314+00', NULL, 0.58, '有', '否', '有', 73, 'CR'),
	(308, '1348695', 616, '周丽', '15590760666', 48, 0, 0, 0, 0, 'G1P1', NULL, 1, 7.5, 3.6, 3.9, 2, 1.2, 42, 83.1, 0.67, 1.74, 8.94, 170.98, 300, 0.2, 12.58, 0.4, 28.5, 1500, 0.02, 29.5, NULL, 7548, 70, 'IIIB', 'IIIB', '鳞癌', NULL, '双侧', '有', 1, 1, 1, 0, 0, '45', '0', 5, '无', '无', 51, NULL, NULL, 'PR', '2026-04-12 15:26:42.375314+00', NULL, 0.52, '无', '否', '否', 45, 'PR'),
	(309, '1348989', 702, '黄晓莉', '18844163001', 64, 0, 0, 0, 0, 'G1P1', NULL, 0, 3.8, 0.6, 3.2, 20, NULL, 25.9, NULL, 5.01, NULL, 13.5, NULL, 242, 1.7, 3.62, 0.4, 45.1, 142.35, 0.47, 53.6, 515.32, 206.13, 125, 'IIIB', 'IIIB', '鳞癌', NULL, '无', '无', 0, 0, 0, 0, 0, '45', '0', 5, '无', '无', 48, NULL, NULL, 'PR', '2026-04-12 15:26:42.375314+00', NULL, 0.84, '无', '否', '否', 45, '无'),
	(311, '1350041', 450, '宋建华', '18643560641', 60, 0, 0, 0, 0, 'G1P1', NULL, 0, 3.5, 2.7, 0.8, NULL, NULL, NULL, NULL, NULL, NULL, NULL, NULL, 229.2, 3.2, 2, 0.4, 40.6, 71.63, 1.6, 56.6, 143.25, 57.3, 126, 'IIB', 'IIB', '鳞癌', NULL, '无', '无', 0, 0, 0, 0, 0, '45', '30', 4, '无', '无', 59, NULL, NULL, 'SD', '2026-04-12 15:26:42.375314+00', NULL, 0.23, '有', '是', '否', 75, '无'),
	(312, '1350728', 721, '郑英明', '15948323777', 39, 0, 0, 0, 0, 'G1P1', NULL, 1, 4.8, 3.6, 1.2, 1.2, 0.3, 17.4, 14.6, 1.21, 1.74, NULL, NULL, 165, 0.6, 0.68, 0.1, 45.3, 275, 0.88, 48.3, 187, 18.7, 134, 'IIB', 'IIIC1', '鳞癌', NULL, '无', '无', 0, 1, 1, 1, 0, '45', '30', 5, '有', '特瑞普利', 48, NULL, NULL, 'SD', '2026-04-12 15:26:42.375314+00', NULL, 0.25, '有', '是', '是', 75, 'SD'),
	(313, '1351228', 811, '李淑荣', '15944833435', 64, 0, 0, 0, 0, 'G4P2', NULL, 0, 3.6, 1, 2.6, 4.5, NULL, 15.2, NULL, 2.48, NULL, 3.31, NULL, 263, 2.1, 2.8, 0.3, 38.2, 125.24, 0.75, 48.7, 350.67, 105.2, 125, 'IVA', 'IVA', '鳞癌', NULL, '双侧', '无', 0, 1, 1, 0, 0, '50', '32', 5, '有', '无', 68, NULL, NULL, 'PR', '2026-04-12 15:26:42.375314+00', NULL, 0.72, '有', '否', '是', 82, 'PR'),
	(314, '1352409', 643, '金秀燕', '15886137225', 53, 0, 0, 0, 0, 'G1P1', NULL, 1, 4.7, 0.8, 3.9, 34.5, 1, 17.6, 15.9, 1.16, 1.15, 11, 12.07, 187, 0.7, 2.82, 0.4, 44.6, 267.14, 0.25, 48.1, 753.34, 301.34, 131, 'IIIB', 'IIIB', '鳞癌', NULL, '左侧', '无', 0, 1, 1, 0, 0, '45', '30', 5, '无', '特瑞普利', 41, NULL, NULL, 'PR', '2026-04-12 15:26:42.375314+00', NULL, 0.83, '有', '否', '是', 75, 'CR'),
	(296, '1363000', 511, '赵爱丽', '13634410898', 66, 0, 0, 0, 0, NULL, NULL, 1, 4.8, 0.6, 4.2, NULL, 0.6, NULL, 47.4, NULL, 2.25, NULL, 6.42, 244.2, 2, 6.9, 0.8, 41.9, 122.1, 0.29, 51.9, 842.49, 673.99, 148, 'IIB', 'IIB', '鳞癌', NULL, '双侧', '无', 0, 1, 1, 0, 0, '50.4', '30', 5, '无', '无', 57, NULL, NULL, 'SD', '2026-04-12 15:26:42.375314+00', NULL, 0.88, '有', '否', '是', 80.4, 'SD'),
	(316, '1366578', 34, '周淑琴', '15886203108', 74, 1, 0, 1, 0, 'G6P2', NULL, 1, 6, 2.2, 3.8, NULL, NULL, NULL, NULL, NULL, NULL, NULL, NULL, 153.5, 0.3, 2.6, 0.3, 38, 511.67, 0.12, 39.5, 1330.33, 399.1, 100, 'IIIB', 'IIIB', '鳞癌', '中分化', '双侧', '无', 0, 0, 1, 0, 0, '45', '28', 5, '无', '无', 57, NULL, NULL, 'PR', '2026-04-12 15:26:42.375314+00', NULL, 0.63, '有', '否', '是', 73, 'PR'),
	(321, '1369771', 41, '商俊芳', '15543948379', 55, 0, 0, 1, 0, NULL, NULL, 0, 3.9, 1.2, 2.7, 1.2, 0.4, 11.4, 8, 1.4, 1.14, 57.38, 25.37, 193, 1, 2.91, 0.3, 46.1, 193, 0.34, 51.1, 561.63, 168.49, 123, 'IIB', 'IIB', '鳞癌', NULL, '左侧', '无', 0, 1, 0, 0, 0, '46.8', '30', 2, '无', '无', 63, NULL, NULL, 'PR', '2026-04-12 15:26:42.375314+00', NULL, 0.69, '有', '否', '是', 76.8, 'PR'),
	(302, '1375999', 376, '王亚芬', '13894907826', 55, 0, 0, 0, 0, NULL, NULL, 1, 4.2, 1.4, 2.8, NULL, 0.2, NULL, 12.6, NULL, 0.98, NULL, NULL, 302, 1.1, 4.83, 0.5, 37.7, 274.55, 0.23, 43.2, 1326.05, 663.03, 132, 'IIB', 'IIB', '鳞癌', '低分化', '双侧', '无', 0, 0, 0, 0, 0, '50.4', '30', 5, '无', '无', 48, NULL, NULL, 'PR', '2026-04-12 15:26:42.375314+00', NULL, 0.67, '有', '是', '否', 80.4, '无'),
	(306, '1380370', 208, '张淑萍', '13843267133', 44, 0, 0, 0, 0, NULL, NULL, 1, 4.8, 2, 2.8, NULL, 0.5, NULL, 9.9, NULL, 2.1, NULL, 2.7, 291, 0.2, 0.82, 0.2, 38.2, 1455, 0.24, 39.2, 1193.1, 238.62, 101, 'IIB', 'IIB', '鳞癌', NULL, '双侧', '无', 0, 0, 0, 0, 0, '50.4', '30', 5, '无', '无', 48, NULL, NULL, 'PR', '2026-04-12 15:26:42.375314+00', NULL, 0.58, '有', '是', '否', 80.4, '无'),
	(305, '1383729', 292, '赵月平', '13089294777', 51, 0, 0, 0, 0, NULL, NULL, 1, 4.8, 1.7, 3.1, NULL, 0.7, NULL, 12.9, NULL, 1.4, NULL, 61.89, 136.1, 0.4, 1.3, 0.3, 42.6, 340.25, 0.31, 44.6, 442.33, 132.7, 121, 'IIB', 'IIB', '鳞癌', NULL, '左侧', '无', 0, 0, 0, 0, 0, '50.4', '30', 5, '无', '无', 54, NULL, NULL, 'PR', '2026-04-12 15:26:42.375314+00', NULL, 0.65, '有', '否', '是', 80.4, '无'),
	(319, '1403771', 744, '张丽娜', '13614425210', 58, 0, 0, 0, 0, NULL, NULL, 0, 3.2, 1.2, 2, NULL, NULL, NULL, NULL, NULL, NULL, NULL, NULL, 288, 1.7, 3.7, 0.3, 45.9, 169.41, 0.46, 54.4, 626.82, 188.05, 130, 'IIB', 'IIIC1', '鳞癌', NULL, '双侧', '无', 1, 1, 0, 0, 0, '50.4', '30', 3, '无', '无', 64, NULL, NULL, 'PR', '2026-04-12 15:26:42.375314+00', NULL, 0.63, '有', NULL, NULL, 80.4, 'PR'),
	(318, '1412080', 223, '乌日乐', '13948244330', 45, 0, 0, 0, 0, NULL, '是', 1, 5, 2.2, 2.8, 6.9, 1.8, 29.7, 18.5, 10.58, 1.27, 79.49, 21.35, 511, 2.6, 8.41, 0.7, 39.8, 196.54, 0.31, 52.8, 1652.89, 1157.02, 72, 'IIB', 'IIB', '鳞癌', NULL, '双侧', '无', 0, 0, 0, 0, 0, '50.4', '30', 5, '无', '无', 61, NULL, NULL, 'PR', '2026-04-12 15:26:42.375314+00', NULL, 0.56, '有', '是', '是', 80.4, '无'),
	(307, '1418288', 207, '张淑萍', '13943267133', 44, 0, 0, 0, 0, NULL, NULL, 1, 4.2, 2, 2.2, NULL, 0.5, NULL, 9.9, NULL, 2.1, NULL, 2.7, 291, 0.2, 0.82, 0.2, 38.2, 1455, 0.24, 39.2, 1193.1, 238.62, 101, 'IIB', 'IIB', '鳞癌', NULL, '双侧', '无', 0, 0, 0, 0, 0, '50.4', '30', 5, '无', '无', 64, NULL, NULL, 'PR', '2026-04-12 15:26:42.375314+00', NULL, 0.52, '有', '是', '否', 80.4, '无'),
	(317, '1428576', 468, '尹淑清', '13404317222', 62, 0, 0, 0, 0, NULL, NULL, 1, 5.1, 2.3, 2.8, NULL, 0.8, NULL, 12.4, NULL, 1.9, NULL, 3.74, 270, 3.8, 6.45, 0.6, 39.7, 71.05, 0.59, 58.7, 458.29, 274.97, 144, 'IIB', 'IIB', '鳞癌', NULL, '右侧', '无', 0, 0, 0, 0, 0, '50', '33', 5, '无', '无', 86, NULL, NULL, 'PR', '2026-04-12 15:26:42.375314+00', NULL, 0.55, '有', '否', '是', 83, 'PR'),
	(320, '1429626', 64, '张丽娜', '18743872706', 30, 0, 1, 0, 0, NULL, NULL, 1, 4.7, 1.7, 3, 1.7, 0.6, 12.8, 16.7, 2.78, 1.9, 2.56, NULL, 329, 3.2, 11.59, 1, 39.5, 102.81, 0.28, 55.5, 1191.6, 1191.6, 151, 'IIB', 'IIB', '鳞癌', '中分化', '左侧', '无', 0, 0, 0, 0, 0, '50', '34', 5, '无', '无', 94, NULL, NULL, 'PR', '2026-04-12 15:26:42.375314+00', NULL, 0.64, '有', '否', '是', 84, '无'),
	(347, '1432521', 68, '王玉杰', '13159730686', 55, 0, 1, 0, 0, 'G5P2', '是', 0, 3.2, 1.4, 1.8, 3.2, 0.3, NULL, 23.6, NULL, 1.2, NULL, 3.16, 236, 1.2, 2.58, 0.2, 47.6, 196.67, 0.47, 53.6, 507.4, 101.48, 142, 'IIB', 'IIB', '鳞癌', NULL, '双侧', '无', 0, 0, 0, 0, 0, '46.8', '30', 5, '无', '无', 60, NULL, NULL, 'PR', '2026-04-12 15:26:42.375314+00', NULL, 0.56, '有', NULL, NULL, 76.8, '无'),
	(315, '1444155', 441, '刘艳华', '18843022004', 59, 0, 0, 0, 0, NULL, NULL, 0, 3.6, 1.2, 2.4, 0.3, 0.4, 10.5, 7.9, 4.77, 1.28, 2.34, 3.91, 134.6, 1.5, 2.5, 0.4, 43.9, 89.73, 0.6, 51.4, 224.33, 89.73, 144, 'IIB', 'IIB', '鳞癌', NULL, '右侧', '无', 0, 0, 0, 0, 0, '45', '26', 5, '有', '无', 55, NULL, NULL, 'PR', '2026-04-12 15:26:42.375314+00', NULL, 0.67, '有', '是', '否', 71, '无'),
	(298, '1444838', 353, '王俊香', '13610717006', 54, 0, 0, 0, 0, 'G2P1', NULL, 0, 3.9, 1.6, 2.3, 1.6, 0.5, NULL, 19.3, NULL, 0.78, NULL, 10.61, 180, 1.7, 5.47, 0.4, 36.7, 105.88, 0.31, 45.2, 579.18, 231.67, 128, 'IIB', 'IIB', '鳞癌', NULL, '双侧', '无', 0, 1, 1, 0, 0, '50.4', '30', 5, '无', '无', 67, NULL, NULL, 'PR', '2026-04-12 15:26:42.375314+00', NULL, 0.59, '有', '是', '否', 80.4, 'PR'),
	(295, '1338500', 579, '刘佃秀', '13644308199', 66, 0, 0, 0, 0, 'G2P2', NULL, 1, 6.4, 1.2, 5.2, 4, 3.4, 130.2, 91.6, 10.5, 3.52, 21.15, 17.57, 328, 0.3, 10.94, 0.4, 32.8, 1093.33, 0.03, 34.3, NULL, 4784.43, 87, 'IIIA', 'IIIA', '鳞癌', NULL, '无', '有', 0, 0, 0, 0, 0, '45', '30', 4, '无', '无', 63, NULL, NULL, 'PR', '2026-04-12 15:26:42.375314+00', NULL, 0.81, '有', '否', '是', 75, '无'),
	(325, '1435427', 831, '唐淑芬', '1.5643E+10', 51, 0, 0, 0, 0, 'G1P1', '1', 1, 7.4, 1.8, 5.6, 2.7, 0.2, 33.1, 12.6, 5.64, 1.59, 24.51, 15.95, 281, 1.4, 4.75, 0.4, 44.9, NULL, NULL, NULL, NULL, NULL, 120, 'IIA2', 'IIA2', '鳞癌', '中分化', '0', '0', 0, 1, 1, 0, 0, '50.4', '30', 5, '0', '0', 49, NULL, NULL, 'PR', '2026-04-12 15:26:42.375314+00', '2021/6/2', 0.76, '有', '是', '否', 80.4, 'PR'),
	(346, '1318155', 521, '郭凤兰', '18943200010', 67, 0, 0, 0, 0, 'G2P1', NULL, 1, 5, 0.8, 4.2, 1, NULL, 6.4, NULL, 2.11, NULL, 4.39, NULL, 163, 0.6, 2.28, 0.3, 43.2, 271.67, 0.26, 46.2, 619.4, 185.82, 131, 'IIB', 'IIB', '鳞癌', NULL, '双侧', '无', 0, 0, 1, 0, 0, '45', '30', 5, '无', '无', 52, NULL, NULL, 'PR', '2026-04-12 15:26:42.375314+00', NULL, 0.84, '有', '是', '否', 75, 'PR'),
	(338, '1346336', 217, '张丽红', '13278107799', 44, 0, 0, 0, 0, 'G1P1', NULL, 1, 5.8, 1.6, 4.2, 0.6, 0.1, 701.2, 27.6, 1060.61, 14.85, NULL, 160.29, 384, 2.2, 4.5, 0.5, 46.2, 174.55, 0.49, 57.2, 785.45, 392.73, 142, 'IIB', 'IIB', '腺癌', NULL, '无', '无', 0, 0, 0, 0, 0, '45', '0', 1, '无', '无', 57, NULL, NULL, 'PR', '2026-04-12 15:26:42.375314+00', NULL, 0.72, '否', '否', '否', 45, '无'),
	(340, '1373423', 398, '谭丽华', '13804375520', 56, 0, 0, 0, 0, NULL, '是', 0, 3.6, 1.7, 1.9, NULL, 0.6, NULL, 8.9, NULL, 1.08, NULL, 2.28, 250, 1.6, 5.42, 0.5, 46.8, 156.25, 0.3, 54.8, 846.88, 423.44, 131, 'IIB', 'IIB', '鳞癌', NULL, '左侧', '无', 0, 1, 1, 0, 0, '50.4', '30', 5, '无', '无', 59, NULL, NULL, 'PR', '2026-04-12 15:26:42.375314+00', NULL, 0.53, '有', NULL, NULL, 80.4, 'PR'),
	(344, '1375473', 7, '杨玉云', '13664418763', 74, 1, 0, 0, 0, 'G7P5', NULL, 0, 3.8, 1.5, 2.3, 0.7, NULL, 89.9, NULL, 2.8, NULL, 342.55, NULL, 260.7, 2.4, 4.6, 0.5, 38.9, 108.63, 0.52, 50.9, 499.68, 249.84, 157, 'IIB', 'IIB', '鳞癌', NULL, '双侧', '无', 0, 0, 0, 0, 0, '45', '30', 1, '无', '无', 73, NULL, NULL, 'PR', '2026-04-12 15:26:42.375314+00', NULL, 0.61, '有', '否', '是', 75, '无');
INSERT INTO public.patients (id, case_number, sequence_number, patient_name, contact_info, age, hypertension, diabetes, cardiovascular, other_comorbidities, pregnancy_history, hpv_status, pre_treatment_tumor_size_category, pre_treatment_tumor_size, post_treatment_tumor_size, tumor_size_change, pre_scc_ag, post_scc_ag, pre_ca125, post_ca125, pre_cea, post_cea, pre_ca199, post_ca199, platelet_count, lymphocyte_count, neutrophil_count, monocyte_count, serum_albumin, plr, lmr, pni, sii, piv, pre_hemoglobin, figo_stage_2009, figo_stage_2018, pathology_type, differentiation, parametrial_invasion, vaginal_invasion, pelvic_lymph_node_metastasis, inguinal_lymph_node_metastasis, common_iliac_lymph_node_metastasis, para_aortic_lymph_node_metastasis, supraclavicular_lymph_node_metastasis, radiation_dose, brachytherapy_dose, concurrent_chemo_cycles, hyperthermia, immunotherapy, total_treatment_days, os, pfs, treatment_outcome, created_at, admission_date, tumor_size_change_pct, brachytherapy, brachytherapy_three_tube, brachytherapy_implant, eqd2_point_a, post_lymph_node_status) VALUES
	(348, '1380072', 514, '田亚华', '13756745559', 66, 0, 0, 0, 0, NULL, NULL, 0, 3.8, 1.2, 2.6, 2, 0.5, 18.9, 14.6, 4.7, 3.44, 15.48, 13.24, 169, 1.9, 3.11, 0.3, 45.4, 88.95, 0.61, 54.9, 276.63, 82.99, 138, 'IIB', 'IIB', '鳞癌', NULL, '左侧', '无', 0, 1, 1, 0, 0, '50', '31', 6, '无', '无', 58, NULL, NULL, 'PR', '2026-04-12 15:26:42.375314+00', NULL, 0.68, '有', '是', '是', 81, 'PR'),
	(331, '1382657', 168, '李洋', '15304378269', 33, 0, 0, 0, 0, 'G1P1', NULL, 1, 4.8, 2.8, 2, NULL, 17.4, 311.1, 78.4, 2.3, 1.9, NULL, 2.08, 457, 1.5, 17.29, 1, 34.3, 304.67, 0.09, 41.8, 5267.69, 5267.69, 84, 'IIB', 'IIB', '鳞癌', NULL, '双侧', '无', 0, 1, 1, 0, 0, '49.95', '30', 2, '无', '替雷利珠', 74, NULL, NULL, 'PR', '2026-04-12 15:26:42.375314+00', NULL, 0.42, '有', '否', '是', 79.95, 'PR'),
	(351, '1389615', 545, '刘凤云', '15843757343', 74, 0, 0, 0, 0, NULL, NULL, 1, 5, 3, 2, 17.3, 1, 15.6, 94.4, 5.18, 3.05, 12.23, 21.93, 197, 0.7, 2.6, 0.3, 28.2, 281.43, 0.27, 31.7, 731.71, 219.51, 116, 'IIB', 'IIB', '鳞癌', NULL, '左侧', '无', 0, 0, 0, 0, 0, '50.4', '30', 5, '无', '无', 57, NULL, NULL, 'PR', '2026-04-12 15:26:42.375314+00', NULL, 0.4, '有', '是', '否', 80.4, '无'),
	(330, '1391286', 442, '刘亚芹', '18686549963', 59, 0, 0, 0, 0, NULL, NULL, 1, 4.2, 0.8, 3.4, 4.8, 0.4, 24, 36.3, 12.61, 1.81, 12.45, 4.5, 327.5, 2.7, 4.2, 0.5, 46.2, 121.3, 0.64, 59.7, 509.44, 254.72, 135, 'IIB', 'IIB', '鳞癌', NULL, '双侧', '无', 0, 0, 0, 0, 0, '50.4', '30', 1, '无', '无', 35, NULL, NULL, 'PR', '2026-04-12 15:26:42.375314+00', NULL, 0.81, '有', NULL, NULL, 80.4, '无'),
	(333, '1395132', 356, '王艳华', '13704477478', 54, 0, 0, 0, 0, NULL, '是', 1, 5, 1.4, 3.6, 2.9, 0.7, 21.2, 10.9, 9.01, 3.32, 27.87, 14.94, 195, 1, 7.02, 0.3, 36.5, 195, 0.14, 41.5, 1368.9, 410.67, 153, 'IIB', 'IIB', '鳞癌', '中分化', '左侧', '无', 0, 1, 1, 0, 0, '50.4', '30', 5, '无', '无', 57, NULL, NULL, 'PR', '2026-04-12 15:26:42.375314+00', NULL, 0.72, '有', '是', '是', 80.4, 'PR'),
	(337, '1396283', 140, '张丽红', '13844545728', 46, 1, 0, 0, 0, NULL, '是', 0, 3, 1.2, 1.8, 4.3, 1.3, 25.2, 8, 28.14, 6.09, 5.5, 4.08, 274, 2.1, 6.07, 0.6, 41, 130.48, 0.35, 51.5, 791.99, 475.19, 118, 'IIB', 'IIIC1', '鳞癌', NULL, '双侧', '无', 1, 0, 1, 0, 0, '48.6', '30', 5, '无', '无', 52, NULL, NULL, 'PR', '2026-04-12 15:26:42.375314+00', NULL, 0.6, '有', '是', '是', 78.6, 'PR'),
	(341, '1414383', 86, '尘秀果', '13321599912', 49, 1, 0, 0, 0, NULL, NULL, 1, 4.2, 1.7, 2.5, 1.4, 0.9, 11, 50.3, 5.4, 1.61, 8.85, 12.79, 211.7, 0.7, 2.4, 0.3, 44.1, 302.43, 0.29, 47.6, 725.83, 217.75, 125, 'IIB', 'IIB', '鳞癌', NULL, '左侧', '无', 0, 1, 1, 0, 0, '50', '32', 5, '无', '无', 55, NULL, NULL, 'PR', '2026-04-12 15:26:42.375314+00', NULL, 0.6, '有', '否', '是', 82, 'PR'),
	(342, '1420062', 552, '公利鑫', '15943092669', 26, 0, 0, 0, 0, NULL, NULL, 1, 7.7, 2.8, 4.9, 11.9, 0.5, 32.9, 16.9, 0.93, 1.42, 29.22, 22.88, 195.3, 1.3, 8.9, 0.7, 42.2, 150.23, 0.15, 48.7, 1337.05, 935.94, 122, 'IIIA', 'IIIA', '鳞癌', NULL, '双侧', '有', 0, 1, 1, 0, 0, '45', '29', 5, '无', '无', 77, NULL, NULL, 'PR', '2026-04-12 15:26:42.375314+00', NULL, 0.64, '有', '否', '是', 74, 'PR'),
	(322, '1424084', 359, '孙晶颖', '13356663404', 54, 0, 0, 0, 0, NULL, NULL, 1, 4.4, 2, 2.4, 4, 0.8, 13.5, 11.1, 2.47, 0.88, 48.88, 12.97, 233.6, 2, 7.5, 0.7, 40.5, 116.8, 0.27, 50.5, 876, 613.2, 138, 'IIB', 'IIB', '鳞癌', '低分化', '右侧', '无', 0, 0, 0, 0, 0, '50.4', '30', 5, '无', '卡瑞丽珠', 44, NULL, NULL, 'PR', '2026-04-12 15:26:42.375314+00', NULL, 0.55, '有', '否', '是', 80.4, '无'),
	(327, '1427599', 732, '陈美艳', '17704391212', 46, 0, 0, 0, 0, NULL, '是', 1, 5.1, 2.2, 2.9, 2.2, 0.8, 14.7, 14.9, 3.16, 2.26, 14.1, 12.23, 213.5, 1.8, 3.5, 0.3, 45.1, 118.61, 0.51, 54.1, 415.14, 124.54, 147, 'IIB', 'IIIC1', '鳞癌', NULL, '右侧', '无', 1, 1, 1, 0, 0, '50.4', '30', 5, '无', '无', 70, NULL, NULL, 'PR', '2026-04-12 15:26:42.375314+00', NULL, 0.57, '有', '是', '否', 80.4, 'PR'),
	(345, '1427915', 443, '郭凤兰', '13134489835', 59, 0, 0, 0, 0, 'G3P1', '是', 1, 4.4, 2, 2.4, 2.6, 0.5, 5.1, 5, 1.17, 1.38, 2.97, 2.18, 265.1, 1.9, 2.8, 0.5, 45.3, 139.53, 0.68, 54.8, 390.67, 195.34, 135, 'IIB', 'IIB', '鳞癌', NULL, '双侧', '无', 0, 0, 0, 0, 0, '50.4', '30', 2, '无', '无', 72, NULL, NULL, 'PR', '2026-04-12 15:26:42.375314+00', NULL, 0.55, '有', NULL, NULL, 80.4, '无'),
	(336, '1433997', 501, '汤桂英', '13844011757', 65, 0, 0, 0, 0, NULL, NULL, 1, 4.2, 1.6, 2.6, 7.5, 0.6, 15.7, 13.9, 4.67, 1.69, 24.23, 14.13, 238.6, 1.9, 4.4, 0.3, 44, 125.58, 0.43, 53.5, 552.55, 165.76, 148, 'IIB', 'IIB', '鳞癌', NULL, '双侧', '无', 0, 1, 1, 0, 0, '50.4', '30', 5, '无', '卡瑞丽珠', 64, NULL, NULL, 'PR', '2026-04-12 15:26:42.375314+00', NULL, 0.62, '有', '否', '是', 80.4, 'PR'),
	(329, '1434670', 581, '王桂云', '13943613838', 69, 0, 0, 0, 0, NULL, NULL, 1, 5.2, 2.2, 3, 0.4, 0.5, 6.2, 5.4, 7.78, 9.36, 3.56, 2.54, 223, 0.9, 2.5, 0.2, 44.3, 247.78, 0.36, 48.8, 619.44, 123.89, 135, 'IIIA', 'IIIA', '鳞癌', NULL, '双侧', '有', 0, 0, 1, 0, 0, '50.4', '30', 5, '无', '无', 36, NULL, NULL, 'PR', '2026-04-12 15:26:42.375314+00', NULL, 0.58, '有', '是', '否', 80.4, 'PR'),
	(323, '1436290', 67, '朱景莲', '13321437891', 54, 0, 1, 0, 0, NULL, NULL, 1, 4.6, 4.2, 0.4, 2.1, 0.5, 75.1, 19.9, 7.44, 3.8, 34.26, 11.7, 423, 1.6, 3.8, 0.3, 44.4, 264.38, 0.42, 52.4, 1004.63, 301.39, 126, 'IIB', 'IIB', '鳞癌', NULL, '双侧', '无', 0, 1, 1, 0, 0, '46.8', '30', 5, '无', '无', 67, NULL, NULL, 'SD', '2026-04-12 15:26:42.375314+00', NULL, 0.09, '有', '否', '是', 76.8, 'PR'),
	(324, '1436644', 490, '陈秀荣', '13321411342', 64, 0, 0, 0, 0, 'G4P2', '是', 0, 3, 1.8, 1.2, 2.3, 0.7, 20.7, 8.6, 1.21, 0.72, 8.12, 3.72, 279, 3.4, 4.44, 0.5, 45, 82.06, 0.77, 62, 364.34, 182.17, 136, 'IIB', 'IIB', '鳞癌', NULL, '双侧', '无', 0, 0, 0, 0, 0, '50.4', '30', 5, '无', '无', 48, NULL, NULL, 'PR', '2026-04-12 15:26:42.375314+00', NULL, 0.4, '有', '是', '否', 80.4, '无'),
	(343, '1441037', 254, '刘桂杰', '18104461973', 48, 0, 0, 0, 0, NULL, NULL, 1, 4.3, 1.5, 2.8, NULL, 0.3, NULL, 21.8, NULL, 0.69, NULL, 2.75, 319, 1.8, 6.02, 0.5, 48.8, 177.22, 0.3, 57.8, 1066.88, 533.44, 148, 'IIA2', 'IIA2', '鳞癌', NULL, '双侧', '无', 0, 0, 0, 0, 0, '50.4', '30', 4, '无', '无', 57, NULL, NULL, 'PR', '2026-04-12 15:26:42.375314+00', NULL, 0.65, '有', '是', '是', 80.4, '无'),
	(339, '1442615', 778, '姜丽丽', '17688787654', 38, 0, 0, 0, 0, 'G1P0', '是', 0, 2.5, 1.2, 1.3, NULL, 35.5, NULL, 85.1, NULL, 2.73, NULL, 10.04, 365, 1.2, 7.41, 0.6, 38.8, 304.17, 0.16, 44.8, 2253.88, 1352.33, 106, 'IIB', 'IIIC2', '鳞癌', '低分化', '双侧', '无', 1, 1, 1, 1, 0, '45', '26', 5, '无', '卡瑞丽珠', 72, NULL, NULL, 'PR', '2026-04-12 15:26:42.375314+00', NULL, 0.52, '有', '否', '是', 71, 'PR'),
	(332, '1449891', 724, '舒丹', '13146662558', 41, 0, 0, 0, 0, NULL, '否', 0, 1.7, 0.8, 0.9, 0.4, 0.4, 13.6, 12.5, 1.59, 1.25, 5.01, 6.22, 246, 1.7, 3.6, 0.5, 45.1, 144.71, 0.47, 53.6, 520.94, 260.47, 137, 'IIB', 'IIIC1', '鳞癌', NULL, '左侧', '无', 1, 1, 0, 0, 0, '50.4', '30', 5, '无', '无', 44, NULL, NULL, 'PR', '2026-04-12 15:26:42.375314+00', NULL, 0.53, '有', '否', '是', 80.4, 'PR'),
	(335, '1452744', 247, '杨英杰', '13404340533', 47, 0, 0, 0, 0, NULL, NULL, 1, 5, 2.2, 2.8, 0.6, 0.6, 38.4, 12.5, 2.86, 1.54, 8.64, 6.31, 204.6, 0.4, 4, 0.4, 47.1, 511.5, 0.1, 49.1, 2046, 818.4, 96, 'IIB', 'IIB', '鳞癌', NULL, '左侧', '无', 0, 0, 0, 0, 0, '50', '32', 5, '无', '无', 53, NULL, NULL, 'PR', '2026-04-12 15:26:42.375314+00', NULL, 0.56, '有', '否', '是', 82, '无'),
	(334, '1227475', 494, '王艳华', '15944578669', 64, 0, 0, 0, 0, NULL, NULL, 1, 4.4, 1.8, 2.6, NULL, NULL, NULL, NULL, NULL, NULL, NULL, NULL, 148, 0.9, 0.97, 0.2, 41.7, 164.44, 0.93, 46.2, 159.51, 31.9, 106, 'IIB', 'IIB', '鳞癌', NULL, '双侧', '无', 0, 0, 0, 0, 0, '50', '34', 2, '无', '无', 48, NULL, NULL, 'PR', '2026-04-12 15:26:42.375314+00', NULL, 0.59, '有', '否', '是', 84, '无'),
	(368, '1083336', 880, '王艳', '13943620207', 37, 0, 0, 0, 0, NULL, NULL, 1, 4.2, 1, 3.2, 9.7, 0.3, 15.1, 60.9, 0.91, 0.77, 4.13, 3.64, 336, 1.9, 5.83, 0.7, 35.3, NULL, NULL, NULL, NULL, NULL, 54, 'IIIB', 'IIIB', '鳞癌', '中分化', '双侧', '0', 0, 0, 0, 0, 0, '50.4', '30', 5, '0', '0', 48, NULL, NULL, 'PR', '2026-04-12 15:26:42.375314+00', '#########', 0.76, '有', '否', '是', 80.4, '无'),
	(366, '1088160', 470, '王桂英', '18585115725', 62, 0, 0, 0, 0, NULL, NULL, 1, 5, 2.6, 2.4, 3.6, 1.1, 20.1, 14.9, 2.87, 1.11, 6.07, 9.19, 441, 1.4, 20.14, 0.3, 36.2, 315, 0.07, 43.2, 6344.1, 1903.23, 113, 'IIB', 'IIB', '鳞癌', NULL, '双侧', '无', 0, 0, 1, 0, 0, '50', '36', 5, '无', '无', 55, NULL, NULL, 'PR', '2026-04-12 15:26:42.375314+00', NULL, 0.48, '有', '否', '是', 86, 'PR'),
	(363, '1108086', 452, '李国芬', '15764337337', 60, 0, 0, 0, 0, 'G2P1', NULL, 0, 2.9, 0.8, 2.1, 2, 0.4, 13.2, 16.6, 4.08, 1.66, 20.05, 22.16, 262.6, 0.9, 4, 0.4, 42.9, 291.78, 0.23, 47.4, 1167.11, 466.84, 139, 'IIB', 'IIB', '鳞癌', NULL, '右侧', '无', 0, 0, 1, 0, 0, '50.4', '30', 4, '无', '无', 47, NULL, NULL, 'PR', '2026-04-12 15:26:42.375314+00', NULL, 0.72, '有', '否', '是', 80.4, 'PR'),
	(362, '1152258', 712, '孙玉霞', '13596019341', 69, 0, 0, 0, 0, 'G4P4', NULL, 1, 5, 1.8, 3.2, 35.7, 0.8, 32.4, 16.3, 11.19, 7.7, 16.13, 17.61, 332.3, 2, 3.8, 0.5, 42.9, 166.15, 0.53, 52.9, 631.37, 315.69, 129, 'IIIB', 'IIIB', '鳞癌', '中低分化', '左侧', '无', 0, 1, 1, 0, 0, '50', '33', 5, '无', '无', 53, NULL, NULL, 'PR', '2026-04-12 15:26:42.375314+00', NULL, 0.64, '有', '否', '是', 83, 'PR'),
	(374, '1217252', 300, '张凤兰', '18686393505', 51, 0, 0, 0, 0, NULL, NULL, 0, 4, 2.6, 1.4, 0.4, 0.4, 16.8, 12.3, 0.86, 0.83, 3.78, 2.86, 250, 0.5, 1.91, 0.3, 44.5, 500, 0.26, 47, 955, 286.5, 115, 'IIB', 'IIB', '鳞癌', NULL, '双侧', '无', 0, 0, 0, 0, 0, '50', '32', 6, '无', '无', 63, NULL, NULL, 'PR', '2026-04-12 15:26:42.375314+00', NULL, 0.35, '有', '否', '是', 82, '无'),
	(359, '1260698', 402, '李淑梅', '13843022023', 56, 0, 0, 0, 0, NULL, NULL, 1, 6.7, 3.6, 3.1, NULL, 0.6, NULL, 17.2, NULL, 1.82, NULL, 10.32, 315, 2.2, 5.41, 0.5, 39.9, 143.18, 0.41, 50.9, 774.61, 387.31, 101, 'IIB', 'IIB', '鳞癌', NULL, '双侧', '无', 0, 1, 1, 0, 0, '50.4', '30', 6, '无', '无', 61, NULL, NULL, 'PR', '2026-04-12 15:26:42.375314+00', NULL, 0.46, '有', '是', '是', 80.4, '无'),
	(373, '1327861', 679, '于桂芳', '15043839944', 59, 0, 0, 0, 0, 'G3P1', NULL, 1, 6.7, 2.8, 3.9, 66.3, NULL, 59.6, 58.1, 74.3, 42.55, 34.3, 37.78, 278, 1.8, 5.77, 0.6, 42.4, 154.44, 0.31, 51.4, 891.14, 534.69, 131, 'IIIB', 'IIIB', '鳞癌', NULL, '双侧', '有', 0, 0, 0, 0, 0, '45', '30', 2, '无', '无', 52, NULL, NULL, 'PR', '2026-04-12 15:26:42.375314+00', NULL, 0.58, '有', '否', '是', 75, '无'),
	(369, '1329083', 19, '王艳', '13943819086', 63, 0, 0, 0, 0, NULL, NULL, 1, 5, 2.2, 2.8, 1.3, NULL, 20, NULL, 7.68, NULL, 42.47, NULL, 232, 0.7, 4.57, 0.7, 39, 331.43, 0.15, 42.5, 1514.63, 1060.24, 119, 'IIB', 'IIB', '鳞癌', NULL, '左侧', '无', 0, 0, 0, 0, 0, '45', '35', 2, '无', '无', 54, NULL, NULL, 'PR', '2026-04-12 15:26:42.375314+00', NULL, 0.56, '有', '否', '是', 80, '无'),
	(367, '1333978', 369, '刘桂荣', '13804361219', 55, 0, 0, 0, 0, 'G2P1', NULL, 0, 3.1, 1.5, 1.6, 2.7, 0.5, 8.1, 8.9, 2.66, 1.36, 5.14, 3.5, 249, 1.3, 2.74, 0.2, 45.8, 191.54, 0.47, 52.3, 524.82, 104.96, 126, 'IIB', 'IIB', '鳞癌', NULL, '左侧', '无', 0, 0, 0, 0, 0, '50.4', '30', 2, '无', '无', 78, NULL, NULL, 'PR', '2026-04-12 15:26:42.375314+00', NULL, 0.52, '有', '否', '是', 80.4, '无'),
	(360, '1380451', 411, '徐淑梅', '18343184579', 57, 0, 0, 0, 0, NULL, NULL, 0, 2.4, 0.5, 1.9, 5.4, 0.3, 14.7, 18.3, 0.78, 0.96, NULL, NULL, 218.6, 1.7, 1.6, 0.2, 42.4, 128.59, 1.06, 50.9, 205.74, 41.15, 138, 'IIB', 'IIB', '鳞癌', NULL, '右侧', '无', 0, 0, 0, 0, 0, '50.4', '30', 3, '无', '无', 77, NULL, NULL, 'PR', '2026-04-12 15:26:42.375314+00', NULL, 0.79, '有', NULL, NULL, 80.4, '无'),
	(354, '1386773', 498, '魏淑清', '15604429473', 65, 0, 0, 0, 0, NULL, NULL, 1, 5.5, 1.7, 3.8, 2.2, NULL, 25.7, NULL, 1.16, NULL, 28.2, NULL, 296, 2.8, 9.1, 0.6, 41.4, 105.71, 0.31, 55.4, 962, 577.2, 131, 'IIB', 'IIB', '鳞癌', NULL, '左侧', '无', 0, 1, 1, 0, 0, '50.4', '30', 1, '无', '无', 50, NULL, NULL, 'PR', '2026-04-12 15:26:42.375314+00', NULL, 0.69, '有', '否', '是', 80.4, 'PR'),
	(372, '1424237', 112, '孙艳芳', '17790034236', 64, 1, 0, 0, 0, NULL, NULL, 0, 2.2, 0.8, 1.4, 1.4, 0.6, 21.3, 16.7, 3.5, 2.47, 9.14, 3.8, 245, 2, 2.7, 0.4, 44.3, 122.5, 0.74, 54.3, 330.75, 132.3, 139, 'IIB', 'IIB', '鳞癌', NULL, '双侧', '无', 0, 1, 1, 0, 0, '46', '30', 5, '无', '替雷利珠', 49, NULL, NULL, 'PR', '2026-04-12 15:26:42.375314+00', NULL, 0.64, '有', '是', '是', 76, 'PR'),
	(352, '1427565', 54, '唐义艳', '18004361699', 57, 1, 1, 0, 0, NULL, NULL, 0, 2, 0.8, 1.2, NULL, 0.4, NULL, 4.1, NULL, 1.16, NULL, 4.51, 200, 2.2, 1.9, 0.5, 45, 90.91, 1.16, 56, 172.73, 86.36, 145, 'IIB', 'IIB', '鳞癌', '中分化', '左侧', '无', 0, 1, 0, 0, 0, '50', '32', 5, '无', '无', 60, NULL, NULL, 'PR', '2026-04-12 15:26:42.375314+00', NULL, 0.6, '有', '否', '是', 82, 'PR'),
	(355, '1430300', 814, '李玉芳', '17743178521', 65, 0, 0, 0, 0, NULL, '是', 1, 7, 1.2, 5.8, NULL, 0.6, NULL, 7.4, NULL, 1.55, NULL, 11.4, 256.3, 1.1, 3.8, 0.3, 39.9, 233, 0.29, 45.4, 885.4, 265.62, 109, 'IVA', 'IVA', '鳞癌', NULL, '右侧', '有', 0, 0, 0, 0, 0, '50', '34', 1, '无', '无', 99, NULL, NULL, 'PR', '2026-04-12 15:26:42.375314+00', NULL, 0.83, '有', '否', '是', 84, '无'),
	(356, '1436568', 283, '姜艳', '15948050007', 50, 0, 0, 0, 0, NULL, NULL, 1, 6, 2.7, 3.3, 11.6, 0.8, 33.6, 30.2, 19.65, 2.19, 28.77, 11.88, 364, 0.7, 2.9, 0.4, 39.5, 520, 0.24, 43, 1508, 603.2, 129, 'IIB', 'IIB', '鳞癌', NULL, '双侧', '无', 0, 0, 0, 0, 0, '50', '32', 5, '无', '无', 44, NULL, NULL, 'PR', '2026-04-12 15:26:42.375314+00', NULL, 0.55, '有', '否', '是', 82, '无'),
	(371, '1443293', 111, '孙艳芳', '17549641648', 64, 1, 0, 0, 0, NULL, NULL, 0, 2.2, 0.8, 1.4, 1.4, 0.6, 21.3, 16.7, 3.5, 2.47, 9.14, 3.8, 245, 2, 2.7, 0.4, 44.3, 122.5, 0.74, 54.3, 330.75, 132.3, 139, 'IIB', 'IIB', '鳞癌', NULL, '双侧', '无', 0, 1, 1, 0, 0, '46', '30', 5, '无', '替雷利珠', 45, NULL, NULL, 'PR', '2026-04-12 15:26:42.375314+00', NULL, 0.64, '有', '是', '是', 76, 'PR'),
	(353, '1446977', 53, '刘书华', '15944792228', 57, 1, 1, 0, 0, 'G5P2', '是', 0, 3.2, 1.2, 2, 1, 0.4, 18.2, 17.6, 2.36, 1.52, 6.58, 5.1, 275, 2.5, 5.37, 0.5, 47.5, 110, 0.47, 60, 590.7, 295.35, 153, 'IIB', 'IIB', '鳞癌', NULL, '右侧', '无', 0, 0, 0, 0, 0, '46.8', '30', 6, '无', '无', 51, NULL, NULL, 'PR', '2026-04-12 15:26:42.375314+00', NULL, 0.63, '有', NULL, NULL, 76.8, '无'),
	(370, '1449908', 90, '王淑珍', '13351540098', 56, 1, 0, 0, 0, NULL, NULL, 0, 3.8, 1.2, 2.6, 4.9, 0.5, 28.9, 11.8, 2.42, 1.77, 12.69, 4.58, 223, 1.1, 3.54, 0.3, 46.6, 202.73, 0.31, 52.1, 717.65, 215.3, 154, 'IIB', 'IIB', '鳞癌', NULL, '左侧', '无', 0, 1, 1, 0, 0, '46.8', '30', 1, '无', '无', 41, NULL, NULL, 'PR', '2026-04-12 15:26:42.375314+00', NULL, 0.68, '有', '否', '是', 76.8, 'PR'),
	(357, '1453043', 143, '陈玉芬', '18643171969', 54, 1, 0, 0, 0, NULL, '否', 0, 4, 1.8, 2.2, 13.9, 1, 47.8, 28, 3.56, NULL, 10.4, 11.2, 348.4, 1.1, 5.5, 0.5, 43, 316.73, 0.2, 48.5, 1742, 871, 131, 'IIB', 'IIIC1', '鳞癌', NULL, '左侧', '有', 1, 1, 1, 0, 0, '50', '32', 5, '无', '无', 54, NULL, NULL, 'SD', '2026-04-12 15:26:42.375314+00', NULL, 0.55, '有', '否', '是', 82, 'SD'),
	(358, '1046684', 180, '王金玲', '18047591316', 36, 0, 0, 0, 0, 'G5P2', NULL, 1, 4.3, 1.8, 2.5, 4.5, 0.2, 108.6, 22.4, 7.76, 1.87, 22.84, 12.95, 232, 1.1, 4.6, 0.4, 41.8, 210.91, 0.24, 47.3, 970.18, 388.07, 122, 'IIB', 'IIB', '鳞癌', NULL, '右侧', '无', 1, 0, 1, 0, 0, '49.95', '30', 3, '无', '无', 60, NULL, NULL, 'SD', '2026-04-12 15:26:42.375314+00', NULL, 0.58, '有', '否', '是', 79.95, 'SD'),
	(364, '1080570', 333, '王艳荣', '18904488072', 53, 0, 0, 0, 0, 'G2P2', NULL, 0, 4, 1.8, 2.2, NULL, NULL, NULL, NULL, NULL, NULL, NULL, NULL, 220, 0.8, 2.46, 0.3, 46.7, 275, 0.33, 50.7, 676.5, 202.95, 127, 'IIB', 'IIB', '鳞癌', '中分化', '左侧', '无', 0, 0, 0, 0, 0, '50.4', '30', 5, '无', '无', 37, NULL, NULL, 'PR', '2026-04-12 15:26:42.375314+00', NULL, 0.55, '有', '否', '是', 80.4, '无'),
	(365, '1094730', 167, '王红', '18244161640', 33, 0, 0, 0, 0, NULL, NULL, 0, 4, 1.8, 2.2, NULL, NULL, NULL, NULL, NULL, NULL, NULL, NULL, 155, 0.7, 4.32, 0.5, 45.5, 221.43, 0.16, 49, 956.57, 478.29, 106, 'IIB', 'IIB', '鳞癌', NULL, '双侧', '无', 0, 1, 1, 0, 0, '49.95', '30', 4, '无', '无', 49, NULL, NULL, 'PR', '2026-04-12 15:26:42.375314+00', NULL, 0.55, '有', '否', '是', 79.95, 'PR');


--
-- Data for Name: imaging_records; Type: TABLE DATA; Schema: public; Owner: -
--

INSERT INTO public.imaging_records (id, patient_id, modality, body_part, study_date, description, findings, image_url, created_at, imaging_dept_id, imaging_year, source_file, mask_url) VALUES
	(43, 213, 'MRI', '盆腔', '2020-01-01 00:00:00+00', '来自影像科采集文件', NULL, NULL, '2026-04-12 15:27:16.901476+00', '6', 2020, '2020-1(34)-Z.xlsx', NULL),
	(45, 215, 'MRI', '盆腔', '2020-01-01 00:00:00+00', '来自影像科采集文件', NULL, NULL, '2026-04-12 15:27:16.901476+00', '7', 2020, '2020-1(34)-Z.xlsx', NULL),
	(47, 216, 'MRI', '盆腔', '2020-01-01 00:00:00+00', '来自影像科采集文件', NULL, NULL, '2026-04-12 15:27:16.901476+00', '8', 2020, '2020-1(34)-Z.xlsx', NULL),
	(24, 194, 'MRI', '盆腔', '2019-01-01 00:00:00+00', '来自影像科采集文件', NULL, '/objects/uploads/f9b9dba6-b6e0-4ea5-bbf0-a081661c0cac', '2026-04-12 15:27:16.901476+00', '59', 2019, '2019-51（14）-X.xlsx', NULL),
	(28, 198, 'MRI', '盆腔', '2019-01-01 00:00:00+00', '来自影像科采集文件', NULL, '/objects/uploads/9a19098e-a65a-435b-890e-d006d4965c6f', '2026-04-12 15:27:16.901476+00', '74', 2019, '2019-51（14）-X.xlsx', NULL),
	(33, 203, 'MRI', '盆腔', '2019-01-01 00:00:00+00', '来自影像科采集文件', NULL, '/objects/uploads/717c5c75-a559-4301-bb23-f6c81ff36fe3', '2026-04-12 15:27:16.901476+00', '83', 2019, '2019-51（14）-X.xlsx', NULL),
	(22, 192, 'MRI', '盆腔', '2019-01-01 00:00:00+00', '来自影像科采集文件', NULL, '/objects/uploads/2cda77b8-b5c1-40b6-840e-40b5844b7398', '2026-04-12 15:27:16.901476+00', '111', 2019, '2019-101（13）-L.xls', NULL),
	(34, 204, 'MRI', '盆腔', '2019-01-01 00:00:00+00', '来自影像科采集文件', NULL, '/objects/uploads/35d1cfc2-64a6-42f8-af01-2a6e4f61f229', '2026-04-12 15:27:16.901476+00', '86', 2019, '2019-51（14）-X.xlsx', NULL),
	(36, 206, 'MRI', '盆腔', '2019-01-01 00:00:00+00', '来自影像科采集文件', NULL, '/objects/uploads/489dd589-b744-41e7-912a-bc319627df47', '2026-04-12 15:27:16.901476+00', '95', 2019, '2019-51（14）-X.xlsx', NULL),
	(37, 207, 'MRI', '盆腔', '2019-01-01 00:00:00+00', '来自影像科采集文件', NULL, '/objects/uploads/6c775dea-9972-4034-8812-bce4648d8e98', '2026-04-12 15:27:16.901476+00', '97', 2019, '2019-51（14）-X.xlsx', NULL),
	(13, 183, 'MRI', '盆腔', '2019-01-01 00:00:00+00', '来自影像科采集文件', NULL, '/objects/uploads/4d05d4dc-087f-40fa-bfa2-d9237327f210', '2026-04-12 15:27:16.901476+00', '101', 2019, '2019-101（13）-L.xls', NULL),
	(26, 196, 'MRI', '盆腔', '2019-01-01 00:00:00+00', '来自影像科采集文件', NULL, '/objects/uploads/8dbc5d99-ce08-4f57-8c50-68399c01dfc0', '2026-04-12 15:27:16.901476+00', '66', 2019, '2019-51（14）-X.xlsx', NULL),
	(25, 195, 'MRI', '盆腔', '2019-01-01 00:00:00+00', '来自影像科采集文件', NULL, '/objects/uploads/f0edcbe3-83fa-436d-9cc3-269261fc9401', '2026-04-12 15:27:16.901476+00', '66', 2019, '2019-51（14）-X.xlsx', NULL),
	(29, 199, 'MRI', '盆腔', '2019-01-01 00:00:00+00', '来自影像科采集文件', NULL, '/objects/uploads/5e7d526c-8555-4f31-b319-7846f16d45f1', '2026-04-12 15:27:16.901476+00', '75', 2019, '2019-51（14）-X.xlsx', NULL),
	(30, 200, 'MRI', '盆腔', '2019-01-01 00:00:00+00', '来自影像科采集文件', NULL, '/objects/uploads/0a58f398-f6b4-4ac5-87d5-c26c251f9ce1', '2026-04-12 15:27:16.901476+00', '76', 2019, '2019-51（14）-X.xlsx', NULL),
	(18, 188, 'MRI', '盆腔', '2019-01-01 00:00:00+00', '来自影像科采集文件', NULL, '/objects/uploads/2cf90081-c94a-4e3d-be9e-4aad7451866a', '2026-04-12 15:27:16.901476+00', '106', 2019, '2019-101（13）-L.xls', NULL),
	(15, 185, 'MRI', '盆腔', '2019-01-01 00:00:00+00', '来自影像科采集文件', NULL, '/objects/uploads/656741cc-b96d-411f-b946-8394dec48d27', '2026-04-12 15:27:16.901476+00', '102', 2019, '2019-101（13）-L.xls', NULL),
	(14, 184, 'MRI', '盆腔', '2019-01-01 00:00:00+00', '来自影像科采集文件', NULL, '/objects/uploads/9bceb0f1-c7ed-4134-8ee0-2f26873e47d3', '2026-04-12 15:27:16.901476+00', '101', 2019, '2019-101（13）-L.xls', NULL),
	(16, 186, 'MRI', '盆腔', '2019-01-01 00:00:00+00', '来自影像科采集文件', NULL, '/objects/uploads/40ea494a-afb9-420b-8758-cbfac585d974', '2026-04-12 15:27:16.901476+00', '103', 2019, '2019-101（13）-L.xls', NULL),
	(17, 187, 'MRI', '盆腔', '2019-01-01 00:00:00+00', '来自影像科采集文件', NULL, '/objects/uploads/7a9eb44c-dc88-4843-813b-e28eb3f50fcc', '2026-04-12 15:27:16.901476+00', '104', 2019, '2019-101（13）-L.xls', NULL),
	(27, 197, 'MRI', '盆腔', '2019-01-01 00:00:00+00', '来自影像科采集文件', NULL, '/objects/uploads/137212d5-4b95-452c-bea2-1a3d58ec4313', '2026-04-12 15:27:16.901476+00', '73', 2019, '2019-51（14）-X.xlsx', NULL),
	(19, 189, 'MRI', '盆腔', '2019-01-01 00:00:00+00', '来自影像科采集文件', NULL, '/objects/uploads/3cb08d96-d8e6-49c4-8d72-0da4f5899e94', '2026-04-12 15:27:16.901476+00', '107', 2019, '2019-101（13）-L.xls', NULL),
	(32, 202, 'MRI', '盆腔', '2019-01-01 00:00:00+00', '来自影像科采集文件', NULL, '/objects/uploads/512717f5-7d6b-4d8c-825a-617848c18193', '2026-04-12 15:27:16.901476+00', '79', 2019, '2019-51（14）-X.xlsx', NULL),
	(31, 201, 'MRI', '盆腔', '2019-01-01 00:00:00+00', '来自影像科采集文件', NULL, '/objects/uploads/994bac43-6b54-4146-8013-7beddf0768e8', '2026-04-12 15:27:16.901476+00', '78', 2019, '2019-51（14）-X.xlsx', NULL),
	(35, 205, 'MRI', '盆腔', '2019-01-01 00:00:00+00', '来自影像科采集文件', NULL, '/objects/uploads/343bf67a-9afd-4038-ad45-118aee4500c7', '2026-04-12 15:27:16.901476+00', '89', 2019, '2019-51（14）-X.xlsx', NULL),
	(55, 224, 'MRI', '盆腔', '2020-01-01 00:00:00+00', '来自影像科采集文件', NULL, '/objects/uploads/93c3e0f7-b2df-4e6f-952f-07d991a348d9', '2026-04-12 15:27:16.901476+00', '15', 2020, '2020-1(34)-Z.xlsx', NULL),
	(38, 208, 'MRI', '盆腔', '2020-01-01 00:00:00+00', '来自影像科采集文件', NULL, '/objects/uploads/17afad38-754c-4639-8384-99653778f34d', '2026-04-12 15:27:16.901476+00', '1', 2020, '2020-1(34)-Z.xlsx', NULL),
	(23, 193, 'MRI', '盆腔', '2019-01-01 00:00:00+00', '来自影像科采集文件', NULL, '/objects/uploads/5c25cc8a-33b1-44e3-8e71-3f334ccc5ce5', '2026-04-12 15:27:16.901476+00', '113', 2019, '2019-101（13）-L.xls', NULL),
	(39, 209, 'MRI', '盆腔', '2020-01-01 00:00:00+00', '来自影像科采集文件', NULL, '/objects/uploads/ce2cd414-1aaf-46eb-a09a-b4008cc34890', '2026-04-12 15:27:16.901476+00', '2', 2020, '2020-1(34)-Z.xlsx', NULL),
	(40, 210, 'MRI', '盆腔', '2020-01-01 00:00:00+00', '来自影像科采集文件', NULL, '/objects/uploads/da4baaf3-ab2d-449f-808e-32dee4afbae6', '2026-04-12 15:27:16.901476+00', '3', 2020, '2020-1(34)-Z.xlsx', NULL),
	(41, 211, 'MRI', '盆腔', '2020-01-01 00:00:00+00', '来自影像科采集文件', NULL, '/objects/uploads/cc7337e6-45f9-46b7-899b-8489a6c904f7', '2026-04-12 15:27:16.901476+00', '4', 2020, '2020-1(34)-Z.xlsx', NULL),
	(44, 214, 'MRI', '盆腔', '2020-01-01 00:00:00+00', '来自影像科采集文件', NULL, '/objects/uploads/1a699198-cd3e-4c6e-a58d-e7474b0c18a4', '2026-04-12 15:27:16.901476+00', '6', 2020, '2020-1(34)-Z.xlsx', NULL),
	(42, 212, 'MRI', '盆腔', '2020-01-01 00:00:00+00', '来自影像科采集文件', NULL, '/objects/uploads/6979c734-5142-48fd-a2d9-b5904604acf9', '2026-04-12 15:27:16.901476+00', '5', 2020, '2020-1(34)-Z.xlsx', NULL),
	(48, 217, 'MRI', '盆腔', '2020-01-01 00:00:00+00', '来自影像科采集文件', NULL, '/objects/uploads/2f0c4a8d-d81c-4346-bb07-102498736208', '2026-04-12 15:27:16.901476+00', '8', 2020, '2020-1(34)-Z.xlsx', NULL),
	(50, 219, 'MRI', '盆腔', '2020-01-01 00:00:00+00', '来自影像科采集文件', NULL, '/objects/uploads/f62191c9-d1a3-48f1-96c7-39f57ecd1312', '2026-04-12 15:27:16.901476+00', '10', 2020, '2020-1(34)-Z.xlsx', NULL),
	(51, 220, 'MRI', '盆腔', '2020-01-01 00:00:00+00', '来自影像科采集文件', NULL, '/objects/uploads/96c35298-48ad-4407-9b9f-5057f2a1a606', '2026-04-12 15:27:16.901476+00', '11', 2020, '2020-1(34)-Z.xlsx', NULL),
	(53, 222, 'MRI', '盆腔', '2020-01-01 00:00:00+00', '来自影像科采集文件', NULL, '/objects/uploads/8df92f15-9d25-471f-a185-50f8cf53218d', '2026-04-12 15:27:16.901476+00', '13', 2020, '2020-1(34)-Z.xlsx', NULL),
	(54, 223, 'MRI', '盆腔', '2020-01-01 00:00:00+00', '来自影像科采集文件', NULL, '/objects/uploads/ebb21511-ab6e-4d73-8d26-c153c39cdcd2', '2026-04-12 15:27:16.901476+00', '14', 2020, '2020-1(34)-Z.xlsx', NULL),
	(56, 225, 'MRI', '盆腔', '2020-01-01 00:00:00+00', '来自影像科采集文件', NULL, '/objects/uploads/e4201fe8-97ad-4ba2-8b32-2fe17c0e5fdf', '2026-04-12 15:27:16.901476+00', '16', 2020, '2020-1(34)-Z.xlsx', NULL),
	(20, 190, 'MRI', '盆腔', '2019-01-01 00:00:00+00', '来自影像科采集文件', NULL, '/objects/uploads/23bca294-62de-49e2-b19a-f768f61ef372', '2026-04-12 15:27:16.901476+00', '108', 2019, '2019-101（13）-L.xls', NULL),
	(68, 237, 'MRI', '盆腔', '2020-01-01 00:00:00+00', '来自影像科采集文件', NULL, NULL, '2026-04-12 15:27:16.901476+00', '28', 2020, '2020-1(34)-Z.xlsx', NULL),
	(70, 239, 'MRI', '盆腔', '2020-01-01 00:00:00+00', '来自影像科采集文件', NULL, NULL, '2026-04-12 15:27:16.901476+00', '29', 2020, '2020-1(34)-Z.xlsx', NULL),
	(76, 245, 'MRI', '盆腔', '2020-01-01 00:00:00+00', '来自影像科采集文件', NULL, NULL, '2026-04-12 15:27:16.901476+00', '103', 2020, '2020-101(41)-X.xlsx', NULL),
	(82, 251, 'MRI', '盆腔', '2020-01-01 00:00:00+00', '来自影像科采集文件', NULL, NULL, '2026-04-12 15:27:16.901476+00', '114', 2020, '2020-101(41)-X.xlsx', NULL),
	(101, 269, 'MRI', '盆腔', '2020-01-01 00:00:00+00', '来自影像科采集文件', NULL, NULL, '2026-04-12 15:27:16.901476+00', '152', 2020, '2020-101(41)-X.xlsx', NULL),
	(109, 276, 'MRI', '盆腔', '2020-01-01 00:00:00+00', '来自影像科采集文件', NULL, NULL, '2026-04-12 15:27:16.901476+00', '182', 2020, '2020-101(41)-X.xlsx', NULL),
	(60, 229, 'MRI', '盆腔', '2020-01-01 00:00:00+00', '来自影像科采集文件', NULL, '/objects/uploads/953f0ede-4227-4dac-be25-a906ceab21eb', '2026-04-12 15:27:16.901476+00', '20', 2020, '2020-1(34)-Z.xlsx', NULL),
	(61, 230, 'MRI', '盆腔', '2020-01-01 00:00:00+00', '来自影像科采集文件', NULL, '/objects/uploads/98214e18-2d4a-40a3-97a4-b8bc629197c3', '2026-04-12 15:27:16.901476+00', '21', 2020, '2020-1(34)-Z.xlsx', NULL),
	(63, 232, 'MRI', '盆腔', '2020-01-01 00:00:00+00', '来自影像科采集文件', NULL, '/objects/uploads/4bf0e7e9-5f1b-4b43-87bc-bf3f5be68148', '2026-04-12 15:27:16.901476+00', '23', 2020, '2020-1(34)-Z.xlsx', NULL),
	(64, 233, 'MRI', '盆腔', '2020-01-01 00:00:00+00', '来自影像科采集文件', NULL, '/objects/uploads/d11d01df-c689-4f08-b96e-2adb76319b06', '2026-04-12 15:27:16.901476+00', '24', 2020, '2020-1(34)-Z.xlsx', NULL);
INSERT INTO public.imaging_records (id, patient_id, modality, body_part, study_date, description, findings, image_url, created_at, imaging_dept_id, imaging_year, source_file, mask_url) VALUES
	(66, 235, 'MRI', '盆腔', '2020-01-01 00:00:00+00', '来自影像科采集文件', NULL, '/objects/uploads/65079a50-481e-4417-aef9-560f6a90b7f7', '2026-04-12 15:27:16.901476+00', '26', 2020, '2020-1(34)-Z.xlsx', NULL),
	(67, 236, 'MRI', '盆腔', '2020-01-01 00:00:00+00', '来自影像科采集文件', NULL, '/objects/uploads/1ddabbb8-2a30-4ebd-8d1c-ee7d388050ae', '2026-04-12 15:27:16.901476+00', '27', 2020, '2020-1(34)-Z.xlsx', NULL),
	(71, 240, 'MRI', '盆腔', '2020-01-01 00:00:00+00', '来自影像科采集文件', NULL, '/objects/uploads/c8655fc9-aaf7-4d8a-8632-fbea0103cd85', '2026-04-12 15:27:16.901476+00', '29', 2020, '2020-1(34)-Z.xlsx', NULL),
	(72, 241, 'MRI', '盆腔', '2020-01-01 00:00:00+00', '来自影像科采集文件', NULL, '/objects/uploads/31cd02a3-461b-4589-b486-3cf2f5bfba4f', '2026-04-12 15:27:16.901476+00', '31', 2020, '2020-1(34)-Z.xlsx', NULL),
	(74, 243, 'MRI', '盆腔', '2020-01-01 00:00:00+00', '来自影像科采集文件', NULL, '/objects/uploads/626df106-c031-4163-9a78-d75d0c5d1381', '2026-04-12 15:27:16.901476+00', '33', 2020, '2020-1(34)-Z.xlsx', NULL),
	(75, 244, 'MRI', '盆腔', '2020-01-01 00:00:00+00', '来自影像科采集文件', NULL, '/objects/uploads/d791217f-9947-43eb-bf4b-c108ea73ee4f', '2026-04-12 15:27:16.901476+00', '34', 2020, '2020-1(34)-Z.xlsx', NULL),
	(77, 246, 'MRI', '盆腔', '2020-01-01 00:00:00+00', '来自影像科采集文件', NULL, '/objects/uploads/23bff007-fe43-4328-abb1-5a2ccc6ae9cc', '2026-04-12 15:27:16.901476+00', '103', 2020, '2020-101(41)-X.xlsx', NULL),
	(79, 248, 'MRI', '盆腔', '2020-01-01 00:00:00+00', '来自影像科采集文件', NULL, '/objects/uploads/79217119-3d87-41bf-b345-5da1f628c854', '2026-04-12 15:27:16.901476+00', '106', 2020, '2020-101(41)-X.xlsx', NULL),
	(80, 249, 'MRI', '盆腔', '2020-01-01 00:00:00+00', '来自影像科采集文件', NULL, '/objects/uploads/679b14a6-6a51-4840-b5e8-523c792686c5', '2026-04-12 15:27:16.901476+00', '107', 2020, '2020-101(41)-X.xlsx', NULL),
	(83, 252, 'MRI', '盆腔', '2020-01-01 00:00:00+00', '来自影像科采集文件', NULL, '/objects/uploads/963e5f10-02bd-48d1-a318-3e0a67bba431', '2026-04-12 15:27:16.901476+00', '114', 2020, '2020-101(41)-X.xlsx', NULL),
	(84, 233, 'MRI', '盆腔', '2020-01-01 00:00:00+00', '来自影像科采集文件', NULL, '/objects/uploads/5a5353ed-c36c-40c2-9cdc-9b17897e3298', '2026-04-12 15:27:16.901476+00', '116', 2020, '2020-101(41)-X.xlsx', NULL),
	(86, 254, 'MRI', '盆腔', '2020-01-01 00:00:00+00', '来自影像科采集文件', NULL, '/objects/uploads/98dabcb1-28ce-4434-8733-68cde9db0551', '2026-04-12 15:27:16.901476+00', '125', 2020, '2020-101(41)-X.xlsx', NULL),
	(87, 255, 'MRI', '盆腔', '2020-01-01 00:00:00+00', '来自影像科采集文件', NULL, '/objects/uploads/71220253-b9f9-4ac1-97e5-3c00d81d6722', '2026-04-12 15:27:16.901476+00', '126', 2020, '2020-101(41)-X.xlsx', NULL),
	(89, 257, 'MRI', '盆腔', '2020-01-01 00:00:00+00', '来自影像科采集文件', NULL, '/objects/uploads/fdc50a28-2a0b-4f90-81b9-400de1657083', '2026-04-12 15:27:16.901476+00', '131', 2020, '2020-101(41)-X.xlsx', NULL),
	(90, 258, 'MRI', '盆腔', '2020-01-01 00:00:00+00', '来自影像科采集文件', NULL, '/objects/uploads/abfaab88-aedd-49bf-bb62-3cc2c20b863a', '2026-04-12 15:27:16.901476+00', '132', 2020, '2020-101(41)-X.xlsx', NULL),
	(91, 259, 'MRI', '盆腔', '2020-01-01 00:00:00+00', '来自影像科采集文件', NULL, '/objects/uploads/585e5e4e-17e8-4cea-be52-8915f82c5492', '2026-04-12 15:27:16.901476+00', '133', 2020, '2020-101(41)-X.xlsx', NULL),
	(93, 261, 'MRI', '盆腔', '2020-01-01 00:00:00+00', '来自影像科采集文件', NULL, '/objects/uploads/bc5c44e0-456e-495a-8cce-162d9df4002a', '2026-04-12 15:27:16.901476+00', '135', 2020, '2020-101(41)-X.xlsx', NULL),
	(94, 262, 'MRI', '盆腔', '2020-01-01 00:00:00+00', '来自影像科采集文件', NULL, '/objects/uploads/04092c75-71e0-4c74-bcef-0c2f77a23898', '2026-04-12 15:27:16.901476+00', '138', 2020, '2020-101(41)-X.xlsx', NULL),
	(96, 264, 'MRI', '盆腔', '2020-01-01 00:00:00+00', '来自影像科采集文件', NULL, '/objects/uploads/5f3143e9-b23d-4629-a89f-2728717a68e4', '2026-04-12 15:27:16.901476+00', '142', 2020, '2020-101(41)-X.xlsx', NULL),
	(97, 265, 'MRI', '盆腔', '2020-01-01 00:00:00+00', '来自影像科采集文件', NULL, '/objects/uploads/7fec017c-fe6f-472d-a1c7-afdd6a44641b', '2026-04-12 15:27:16.901476+00', '143', 2020, '2020-101(41)-X.xlsx', NULL),
	(99, 267, 'MRI', '盆腔', '2020-01-01 00:00:00+00', '来自影像科采集文件', NULL, '/objects/uploads/a986b357-82c1-46bb-b9b1-c7dbcdd0f1b9', '2026-04-12 15:27:16.901476+00', '149', 2020, '2020-101(41)-X.xlsx', NULL),
	(102, 270, 'MRI', '盆腔', '2020-01-01 00:00:00+00', '来自影像科采集文件', NULL, '/objects/uploads/d04e9894-c900-4317-a01c-17c6f2d7fffe', '2026-04-12 15:27:16.901476+00', '152', 2020, '2020-101(41)-X.xlsx', NULL),
	(103, 253, 'MRI', '盆腔', '2020-01-01 00:00:00+00', '来自影像科采集文件', NULL, '/objects/uploads/9af368cd-c64a-45f3-b46a-ab9b1773b97f', '2026-04-12 15:27:16.901476+00', '153', 2020, '2020-101(41)-X.xlsx', NULL),
	(105, 272, 'MRI', '盆腔', '2020-01-01 00:00:00+00', '来自影像科采集文件', NULL, '/objects/uploads/57ec101b-f6f7-46fb-904b-3ef194dd0b48', '2026-04-12 15:27:16.901476+00', '163', 2020, '2020-101(41)-X.xlsx', NULL),
	(104, 271, 'MRI', '盆腔', '2020-01-01 00:00:00+00', '来自影像科采集文件', NULL, '/objects/uploads/cd9d5d36-ce5d-4441-817a-fa8512aebc1b', '2026-04-12 15:27:16.901476+00', '155', 2020, '2020-101(41)-X.xlsx', NULL),
	(108, 275, 'MRI', '盆腔', '2020-01-01 00:00:00+00', '来自影像科采集文件', NULL, '/objects/uploads/02f311f8-22b2-442d-9ba3-8fe06c34cd68', '2026-04-12 15:27:16.901476+00', '178', 2020, '2020-101(41)-X.xlsx', NULL),
	(107, 274, 'MRI', '盆腔', '2020-01-01 00:00:00+00', '来自影像科采集文件', NULL, '/objects/uploads/e9a76f91-2977-414c-8a49-608d629dc9e9', '2026-04-12 15:27:16.901476+00', '177', 2020, '2020-101(41)-X.xlsx', NULL),
	(111, 278, 'MRI', '盆腔', '2020-01-01 00:00:00+00', '来自影像科采集文件', NULL, '/objects/uploads/93e5c7d4-6777-4b65-ab6f-3adcc8dcf774', '2026-04-12 15:27:16.901476+00', '183', 2020, '2020-101(41)-X.xlsx', NULL),
	(112, 279, 'MRI', '盆腔', '2020-01-01 00:00:00+00', '来自影像科采集文件', NULL, '/objects/uploads/6de1af2e-2510-475c-bf59-10d8ab3e7f93', '2026-04-12 15:27:16.901476+00', '184', 2020, '2020-101(41)-X.xlsx', NULL),
	(114, 281, 'MRI', '盆腔', '2020-01-01 00:00:00+00', '来自影像科采集文件', NULL, '/objects/uploads/1484e28d-ff55-4b12-b39c-81c408a85fa6', '2026-04-12 15:27:16.901476+00', '187', 2020, '2020-101(41)-X.xlsx', NULL),
	(59, 228, 'MRI', '盆腔', '2020-01-01 00:00:00+00', '来自影像科采集文件', NULL, '/objects/uploads/71417e13-88d8-4014-87a7-ff486b0901ab', '2026-04-12 15:27:16.901476+00', '19', 2020, '2020-1(34)-Z.xlsx', NULL),
	(120, 287, 'MRI', '盆腔', '2020-01-01 00:00:00+00', '来自影像科采集文件', NULL, NULL, '2026-04-12 15:27:16.901476+00', '204', 2020, '2020-201（30）-L.xls', NULL),
	(137, 304, 'MRI', '盆腔', '2020-01-01 00:00:00+00', '来自影像科采集文件', NULL, NULL, '2026-04-12 15:27:16.901476+00', '220', 2020, '2020-201（30）-L.xls', NULL),
	(140, 306, 'MRI', '盆腔', '2020-01-01 00:00:00+00', '来自影像科采集文件', NULL, NULL, '2026-04-12 15:27:16.901476+00', '223', 2020, '2020-201（30）-L.xls', NULL),
	(149, 245, 'MRI', '盆腔', '2021-01-01 00:00:00+00', '来自影像科采集文件', NULL, NULL, '2026-04-12 15:27:16.901476+00', '2', 2021, '2021-1（13）-Z.xlsx', NULL),
	(152, 183, 'MRI', '盆腔', '2021-01-01 00:00:00+00', '来自影像科采集文件', NULL, NULL, '2026-04-12 15:27:16.901476+00', '4', 2021, '2021-1（13）-Z.xlsx', NULL),
	(157, 319, 'MRI', '盆腔', '2021-01-01 00:00:00+00', '来自影像科采集文件', NULL, NULL, '2026-04-12 15:27:16.901476+00', '11', 2021, '2021-1（13）-Z.xlsx', NULL),
	(160, 322, 'MRI', '盆腔', '2021-01-01 00:00:00+00', '来自影像科采集文件', NULL, NULL, '2026-04-12 15:27:16.901476+00', '101', 2021, '2021-101（22）-L.xls', NULL),
	(161, 323, 'MRI', '盆腔', '2021-01-01 00:00:00+00', '来自影像科采集文件', NULL, NULL, '2026-04-12 15:27:16.901476+00', '102', 2021, '2021-101（22）-L.xls', NULL),
	(162, 324, 'MRI', '盆腔', '2021-01-01 00:00:00+00', '来自影像科采集文件', NULL, NULL, '2026-04-12 15:27:16.901476+00', '103', 2021, '2021-101（22）-L.xls', NULL),
	(163, 325, 'MRI', '盆腔', '2021-01-01 00:00:00+00', '来自影像科采集文件', NULL, NULL, '2026-04-12 15:27:16.901476+00', '107', 2021, '2021-101（22）-L.xls', NULL),
	(165, 327, 'MRI', '盆腔', '2021-01-01 00:00:00+00', '来自影像科采集文件', NULL, NULL, '2026-04-12 15:27:16.901476+00', '109', 2021, '2021-101（22）-L.xls', NULL),
	(166, 328, 'MRI', '盆腔', '2021-01-01 00:00:00+00', '来自影像科采集文件', NULL, NULL, '2026-04-12 15:27:16.901476+00', '110', 2021, '2021-101（22）-L.xls', NULL),
	(167, 329, 'MRI', '盆腔', '2021-01-01 00:00:00+00', '来自影像科采集文件', NULL, NULL, '2026-04-12 15:27:16.901476+00', '110', 2021, '2021-101（22）-L.xls', NULL),
	(168, 313, 'MRI', '盆腔', '2021-01-01 00:00:00+00', '来自影像科采集文件', NULL, NULL, '2026-04-12 15:27:16.901476+00', '111', 2021, '2021-101（22）-L.xls', NULL),
	(169, 330, 'MRI', '盆腔', '2021-01-01 00:00:00+00', '来自影像科采集文件', NULL, NULL, '2026-04-12 15:27:16.901476+00', '112', 2021, '2021-101（22）-L.xls', NULL),
	(170, 331, 'MRI', '盆腔', '2021-01-01 00:00:00+00', '来自影像科采集文件', NULL, NULL, '2026-04-12 15:27:16.901476+00', '113', 2021, '2021-101（22）-L.xls', NULL),
	(171, 332, 'MRI', '盆腔', '2021-01-01 00:00:00+00', '来自影像科采集文件', NULL, NULL, '2026-04-12 15:27:16.901476+00', '114', 2021, '2021-101（22）-L.xls', NULL),
	(172, 333, 'MRI', '盆腔', '2021-01-01 00:00:00+00', '来自影像科采集文件', NULL, NULL, '2026-04-12 15:27:16.901476+00', '116', 2021, '2021-101（22）-L.xls', NULL),
	(117, 284, 'MRI', '盆腔', '2020-01-01 00:00:00+00', '来自影像科采集文件', NULL, '/objects/uploads/8e28ac0b-a77d-48fe-a192-278d2ecca64d', '2026-04-12 15:27:16.901476+00', '199', 2020, '2020-101(41)-X.xlsx', NULL);
INSERT INTO public.imaging_records (id, patient_id, modality, body_part, study_date, description, findings, image_url, created_at, imaging_dept_id, imaging_year, source_file, mask_url) VALUES
	(118, 285, 'MRI', '盆腔', '2020-01-01 00:00:00+00', '来自影像科采集文件', NULL, '/objects/uploads/6a4bad1b-5b0b-4564-9f0b-a77ff1d06073', '2026-04-12 15:27:16.901476+00', '201', 2020, '2020-201（30）-L.xls', NULL),
	(119, 286, 'MRI', '盆腔', '2020-01-01 00:00:00+00', '来自影像科采集文件', NULL, '/objects/uploads/700702ef-bad9-4054-9be9-f933cd4a1c54', '2026-04-12 15:27:16.901476+00', '202', 2020, '2020-201（30）-L.xls', NULL),
	(122, 289, 'MRI', '盆腔', '2020-01-01 00:00:00+00', '来自影像科采集文件', NULL, '/objects/uploads/100516d3-486d-49b8-8087-91299cf9a42c', '2026-04-12 15:27:16.901476+00', '205', 2020, '2020-201（30）-L.xls', NULL),
	(123, 290, 'MRI', '盆腔', '2020-01-01 00:00:00+00', '来自影像科采集文件', NULL, '/objects/uploads/e04373e8-3260-49cd-bf4e-e79c8a32574a', '2026-04-12 15:27:16.901476+00', '206', 2020, '2020-201（30）-L.xls', NULL),
	(125, 292, 'MRI', '盆腔', '2020-01-01 00:00:00+00', '来自影像科采集文件', NULL, '/objects/uploads/be7a82df-d8de-4632-a071-a98b6d9eb630', '2026-04-12 15:27:16.901476+00', '208', 2020, '2020-201（30）-L.xls', NULL),
	(126, 293, 'MRI', '盆腔', '2020-01-01 00:00:00+00', '来自影像科采集文件', NULL, '/objects/uploads/7fd148e2-4f82-4c37-9d7f-95cb05d210e5', '2026-04-12 15:27:16.901476+00', '209', 2020, '2020-201（30）-L.xls', NULL),
	(128, 295, 'MRI', '盆腔', '2020-01-01 00:00:00+00', '来自影像科采集文件', NULL, '/objects/uploads/1fab1f20-b256-405e-b91c-cbcf1acfd431', '2026-04-12 15:27:16.901476+00', '211', 2020, '2020-201（30）-L.xls', NULL),
	(129, 296, 'MRI', '盆腔', '2020-01-01 00:00:00+00', '来自影像科采集文件', NULL, '/objects/uploads/6adacdc7-3ad8-4067-b4b5-bcd8bbea4755', '2026-04-12 15:27:16.901476+00', '212', 2020, '2020-201（30）-L.xls', NULL),
	(131, 298, 'MRI', '盆腔', '2020-01-01 00:00:00+00', '来自影像科采集文件', NULL, '/objects/uploads/aa62e069-e139-480f-8799-ca6386a4ecb0', '2026-04-12 15:27:16.901476+00', '214', 2020, '2020-201（30）-L.xls', NULL),
	(132, 299, 'MRI', '盆腔', '2020-01-01 00:00:00+00', '来自影像科采集文件', NULL, '/objects/uploads/2d057fa6-10e0-40e2-9807-b4bf6a689cd8', '2026-04-12 15:27:16.901476+00', '215', 2020, '2020-201（30）-L.xls', NULL),
	(133, 300, 'MRI', '盆腔', '2020-01-01 00:00:00+00', '来自影像科采集文件', NULL, '/objects/uploads/b197c205-339f-4351-bfe3-73b95be6f0cf', '2026-04-12 15:27:16.901476+00', '216', 2020, '2020-201（30）-L.xls', NULL),
	(135, 302, 'MRI', '盆腔', '2020-01-01 00:00:00+00', '来自影像科采集文件', NULL, '/objects/uploads/07cf503a-9a09-40fa-bbce-5813383117ed', '2026-04-12 15:27:16.901476+00', '218', 2020, '2020-201（30）-L.xls', NULL),
	(136, 303, 'MRI', '盆腔', '2020-01-01 00:00:00+00', '来自影像科采集文件', NULL, '/objects/uploads/05c7055f-67a9-488e-b2d9-227ba153cfcc', '2026-04-12 15:27:16.901476+00', '219', 2020, '2020-201（30）-L.xls', NULL),
	(139, 305, 'MRI', '盆腔', '2020-01-01 00:00:00+00', '来自影像科采集文件', NULL, '/objects/uploads/07dc1cb4-1a13-430e-9017-958d10be8cde', '2026-04-12 15:27:16.901476+00', '221', 2020, '2020-201（30）-L.xls', NULL),
	(141, 307, 'MRI', '盆腔', '2020-01-01 00:00:00+00', '来自影像科采集文件', NULL, '/objects/uploads/0311863c-9f4f-4c31-9d46-9b52e8c1619b', '2026-04-12 15:27:16.901476+00', '223', 2020, '2020-201（30）-L.xls', NULL),
	(143, 309, 'MRI', '盆腔', '2020-01-01 00:00:00+00', '来自影像科采集文件', NULL, '/objects/uploads/8d33bdaf-2c28-49b7-81f6-fee152b2801a', '2026-04-12 15:27:16.901476+00', '225', 2020, '2020-201（30）-L.xls', NULL),
	(144, 310, 'MRI', '盆腔', '2020-01-01 00:00:00+00', '来自影像科采集文件', NULL, '/objects/uploads/8d9b12b4-a205-4be7-a8d5-7f2cc15762c5', '2026-04-12 15:27:16.901476+00', '226', 2020, '2020-201（30）-L.xls', NULL),
	(148, 314, 'MRI', '盆腔', '2020-01-01 00:00:00+00', '来自影像科采集文件', NULL, '/objects/uploads/c2ba6ffe-4cc8-45d5-a9cd-de7be02a96df', '2026-04-12 15:27:16.901476+00', '230', 2020, '2020-201（30）-L.xls', NULL),
	(150, 246, 'MRI', '盆腔', '2021-01-01 00:00:00+00', '来自影像科采集文件', NULL, '/objects/uploads/54ff94ff-beef-45fa-8a94-26f5e689e9e7', '2026-04-12 15:27:16.901476+00', '2', 2021, '2021-1（13）-Z.xlsx', NULL),
	(153, 184, 'MRI', '盆腔', '2021-01-01 00:00:00+00', '来自影像科采集文件', NULL, '/objects/uploads/c1f04195-06e9-4628-ac6e-2afc28349119', '2026-04-12 15:27:16.901476+00', '4', 2021, '2021-1（13）-Z.xlsx', NULL),
	(151, 315, 'MRI', '盆腔', '2021-01-01 00:00:00+00', '来自影像科采集文件', NULL, '/objects/uploads/b34bf701-91f0-4d6f-a1c1-0d92878f3098', '2026-04-12 15:27:16.901476+00', '3', 2021, '2021-1（13）-Z.xlsx', NULL),
	(155, 317, 'MRI', '盆腔', '2021-01-01 00:00:00+00', '来自影像科采集文件', NULL, '/objects/uploads/a781c8e6-6884-488e-bc10-894fabe06244', '2026-04-12 15:27:16.901476+00', '7', 2021, '2021-1（13）-Z.xlsx', NULL),
	(164, 326, 'MRI', '盆腔', '2021-01-01 00:00:00+00', '来自影像科采集文件', NULL, '/objects/uploads/08c2dcbe-3f36-4e1d-b6c1-3efec177f3c4', '2026-04-12 15:27:16.901476+00', '108', 2021, '2021-101（22）-L.xls', '/objects/uploads/11355f9c-e797-4cf7-b217-ec4f4f2903e7'),
	(173, 334, 'MRI', '盆腔', '2021-01-01 00:00:00+00', '来自影像科采集文件', NULL, NULL, '2026-04-12 15:27:16.901476+00', '116', 2021, '2021-101（22）-L.xls', NULL),
	(174, 335, 'MRI', '盆腔', '2021-01-01 00:00:00+00', '来自影像科采集文件', NULL, NULL, '2026-04-12 15:27:16.901476+00', '117', 2021, '2021-101（22）-L.xls', NULL),
	(175, 336, 'MRI', '盆腔', '2021-01-01 00:00:00+00', '来自影像科采集文件', NULL, NULL, '2026-04-12 15:27:16.901476+00', '119', 2021, '2021-101（22）-L.xls', NULL),
	(176, 337, 'MRI', '盆腔', '2021-01-01 00:00:00+00', '来自影像科采集文件', NULL, NULL, '2026-04-12 15:27:16.901476+00', '121', 2021, '2021-101（22）-L.xls', NULL),
	(177, 338, 'MRI', '盆腔', '2021-01-01 00:00:00+00', '来自影像科采集文件', NULL, NULL, '2026-04-12 15:27:16.901476+00', '121', 2021, '2021-101（22）-L.xls', NULL),
	(178, 339, 'MRI', '盆腔', '2021-01-01 00:00:00+00', '来自影像科采集文件', NULL, NULL, '2026-04-12 15:27:16.901476+00', '122', 2021, '2021-101（22）-L.xls', NULL),
	(179, 319, 'MRI', '盆腔', '2021-01-01 00:00:00+00', '来自影像科采集文件', NULL, NULL, '2026-04-12 15:27:16.901476+00', '54', 2021, '2021-51(20)-X.xls', NULL),
	(187, 345, 'MRI', '盆腔', '2021-01-01 00:00:00+00', '来自影像科采集文件', NULL, NULL, '2026-04-12 15:27:16.901476+00', '71', 2021, '2021-51(20)-X.xls', NULL),
	(194, 352, 'MRI', '盆腔', '2021-01-01 00:00:00+00', '来自影像科采集文件', NULL, NULL, '2026-04-12 15:27:16.901476+00', '93', 2021, '2021-51(20)-X.xls', NULL),
	(195, 353, 'MRI', '盆腔', '2021-01-01 00:00:00+00', '来自影像科采集文件', NULL, NULL, '2026-04-12 15:27:16.901476+00', '96', 2021, '2021-51(20)-X.xls', NULL),
	(196, 354, 'MRI', '盆腔', '2021-01-01 00:00:00+00', '来自影像科采集文件', NULL, NULL, '2026-04-12 15:27:16.901476+00', '98', 2021, '2021-51(20)-X.xls', NULL),
	(197, 355, 'MRI', '盆腔', '2021-01-01 00:00:00+00', '来自影像科采集文件', NULL, NULL, '2026-04-12 15:27:16.901476+00', '99', 2021, '2021-51(20)-X.xls', NULL),
	(198, 356, 'MRI', '盆腔', '2021-01-01 00:00:00+00', '来自影像科采集文件', NULL, NULL, '2026-04-12 15:27:16.901476+00', '100', 2021, '2021-51(20)-X.xls', NULL),
	(199, 357, 'MRI', '盆腔', '2022-01-01 00:00:00+00', '来自影像科采集文件', NULL, NULL, '2026-04-12 15:27:16.901476+00', '5', 2022, '2022-1(32)-Z.xlsx', NULL),
	(200, 358, 'MRI', '盆腔', '2022-01-01 00:00:00+00', '来自影像科采集文件', NULL, NULL, '2026-04-12 15:27:16.901476+00', '126', 2022, '2022-121（25）-L.xls', NULL),
	(201, 359, 'MRI', '盆腔', '2022-01-01 00:00:00+00', '来自影像科采集文件', NULL, NULL, '2026-04-12 15:27:16.901476+00', '132', 2022, '2022-121（25）-L.xls', NULL),
	(202, 360, 'MRI', '盆腔', '2022-01-01 00:00:00+00', '来自影像科采集文件', NULL, NULL, '2026-04-12 15:27:16.901476+00', '133', 2022, '2022-121（25）-L.xls', NULL),
	(203, 361, 'MRI', '盆腔', '2022-01-01 00:00:00+00', '来自影像科采集文件', NULL, NULL, '2026-04-12 15:27:16.901476+00', '138', 2022, '2022-121（25）-L.xls', NULL),
	(204, 209, 'MRI', '盆腔', '2022-01-01 00:00:00+00', '来自影像科采集文件', NULL, NULL, '2026-04-12 15:27:16.901476+00', '117', 2022, '2022-61(25)-X.xls', NULL),
	(205, 362, 'MRI', '盆腔', '2023-01-01 00:00:00+00', '来自影像科采集文件', NULL, NULL, '2026-04-12 15:27:16.901476+00', '9', 2023, '2023-1(47)-Z.xlsx', NULL),
	(206, 363, 'MRI', '盆腔', '2023-01-01 00:00:00+00', '来自影像科采集文件', NULL, NULL, '2026-04-12 15:27:16.901476+00', '19', 2023, '2023-1(47)-Z.xlsx', NULL),
	(207, 350, 'MRI', '盆腔', '2023-01-01 00:00:00+00', '来自影像科采集文件', NULL, NULL, '2026-04-12 15:27:16.901476+00', '25', 2023, '2023-1(47)-Z.xlsx', NULL),
	(208, 355, 'MRI', '盆腔', '2023-01-01 00:00:00+00', '来自影像科采集文件', NULL, NULL, '2026-04-12 15:27:16.901476+00', '26', 2023, '2023-1(47)-Z.xlsx', NULL),
	(209, 364, 'MRI', '盆腔', '2023-01-01 00:00:00+00', '来自影像科采集文件', NULL, NULL, '2026-04-12 15:27:16.901476+00', '38', 2023, '2023-1(47)-Z.xlsx', NULL),
	(210, 365, 'MRI', '盆腔', '2023-01-01 00:00:00+00', '来自影像科采集文件', NULL, NULL, '2026-04-12 15:27:16.901476+00', '47', 2023, '2023-1(47)-Z.xlsx', NULL),
	(211, 366, 'MRI', '盆腔', '2023-01-01 00:00:00+00', '来自影像科采集文件', NULL, NULL, '2026-04-12 15:27:16.901476+00', '205', 2023, '2023-181（41）-L.xlsx', NULL),
	(212, 367, 'MRI', '盆腔', '2023-01-01 00:00:00+00', '来自影像科采集文件', NULL, NULL, '2026-04-12 15:27:16.901476+00', '179', 2023, '2023-91（30）-X.xls', NULL);
INSERT INTO public.imaging_records (id, patient_id, modality, body_part, study_date, description, findings, image_url, created_at, imaging_dept_id, imaging_year, source_file, mask_url) VALUES
	(213, 359, 'MRI', '盆腔', '2024-01-01 00:00:00+00', '来自影像科采集文件', NULL, NULL, '2026-04-12 15:27:16.901476+00', '53', 2024, '2024-1（53）-Z.xlsx', NULL),
	(214, 368, 'MRI', '盆腔', '2024-01-01 00:00:00+00', '来自影像科采集文件', NULL, NULL, '2026-04-12 15:27:16.901476+00', '110', 2024, '2024-101（32）-X.xls', NULL),
	(215, 369, 'MRI', '盆腔', '2024-01-01 00:00:00+00', '来自影像科采集文件', NULL, NULL, '2026-04-12 15:27:16.901476+00', '110', 2024, '2024-101（32）-X.xls', NULL),
	(216, 368, 'MRI', '盆腔', '2024-01-01 00:00:00+00', '来自影像科采集文件', NULL, NULL, '2026-04-12 15:27:16.901476+00', '110', 2024, '2024-101（32）-X.xls', NULL),
	(217, 345, 'MRI', '盆腔', '2024-01-01 00:00:00+00', '来自影像科采集文件', NULL, NULL, '2026-04-12 15:27:16.901476+00', '190', 2024, '2024-101（32）-X.xls', NULL),
	(218, 346, 'MRI', '盆腔', '2024-01-01 00:00:00+00', '来自影像科采集文件', NULL, NULL, '2026-04-12 15:27:16.901476+00', '190', 2024, '2024-101（32）-X.xls', NULL),
	(219, 370, 'MRI', '盆腔', '2024-01-01 00:00:00+00', '来自影像科采集文件', NULL, NULL, '2026-04-12 15:27:16.901476+00', '217', 2024, '2024-200（57）-L.xls', NULL),
	(220, 371, 'MRI', '盆腔', '2024-01-01 00:00:00+00', '来自影像科采集文件', NULL, NULL, '2026-04-12 15:27:16.901476+00', '224', 2024, '2024-200（57）-L.xls', NULL),
	(221, 372, 'MRI', '盆腔', '2024-01-01 00:00:00+00', '来自影像科采集文件', NULL, NULL, '2026-04-12 15:27:16.901476+00', '224', 2024, '2024-200（57）-L.xls', NULL),
	(222, 324, 'MRI', '盆腔', '2025-01-01 00:00:00+00', '来自影像科采集文件', NULL, NULL, '2026-04-12 15:27:16.901476+00', '23', 2025, '2025.5.7-9.7(62)-G.xls', NULL),
	(223, 373, 'MRI', '盆腔', '2025-01-01 00:00:00+00', '来自影像科采集文件', NULL, NULL, '2026-04-12 15:27:16.901476+00', '27', 2025, '2025.5.7-9.7(62)-G.xls', NULL),
	(224, 374, 'MRI', '盆腔', '2025-01-01 00:00:00+00', '来自影像科采集文件', NULL, NULL, '2026-04-12 15:27:16.901476+00', '57', 2025, '2025.5.7-9.7(62)-G.xls', NULL),
	(21, 191, 'MRI', '盆腔', '2019-01-01 00:00:00+00', '来自影像科采集文件', NULL, '/objects/uploads/a6afa4a0-343a-41d1-bd30-1b1548f995df', '2026-04-12 15:27:16.901476+00', '109', 2019, '2019-101（13）-L.xls', NULL),
	(49, 218, 'MRI', '盆腔', '2020-01-01 00:00:00+00', '来自影像科采集文件', NULL, '/objects/uploads/25f2d1b8-f6f3-4007-be05-48de617906e0', '2026-04-12 15:27:16.901476+00', '9', 2020, '2020-1(34)-Z.xlsx', NULL),
	(52, 221, 'MRI', '盆腔', '2020-01-01 00:00:00+00', '来自影像科采集文件', NULL, '/objects/uploads/46b1ef1e-4400-4eb3-9f78-689f9b3b87d3', '2026-04-12 15:27:16.901476+00', '12', 2020, '2020-1(34)-Z.xlsx', NULL),
	(180, 320, 'MRI', '盆腔', '2021-01-01 00:00:00+00', '来自影像科采集文件', NULL, '/objects/uploads/561bd7c8-10ef-4d4b-9977-fa3c97175aad', '2026-04-12 15:27:16.901476+00', '54', 2021, '2021-51(20)-X.xls', NULL),
	(182, 341, 'MRI', '盆腔', '2021-01-01 00:00:00+00', '来自影像科采集文件', NULL, '/objects/uploads/f10865c9-cacc-4771-b640-3db2da23199d', '2026-04-12 15:27:16.901476+00', '63', 2021, '2021-51(20)-X.xls', NULL),
	(183, 342, 'MRI', '盆腔', '2021-01-01 00:00:00+00', '来自影像科采集文件', NULL, '/objects/uploads/1d250173-01b3-4b4b-9d3e-f102520a52e1', '2026-04-12 15:27:16.901476+00', '67', 2021, '2021-51(20)-X.xls', NULL),
	(186, 317, 'MRI', '盆腔', '2021-01-01 00:00:00+00', '来自影像科采集文件', NULL, '/objects/uploads/c02669c2-226f-47f9-80f3-bbee94f13238', '2026-04-12 15:27:16.901476+00', '70', 2021, '2021-51(20)-X.xls', NULL),
	(185, 344, 'MRI', '盆腔', '2021-01-01 00:00:00+00', '来自影像科采集文件', NULL, '/objects/uploads/af92f41b-0d22-424b-939c-7389c430178b', '2026-04-12 15:27:16.901476+00', '69', 2021, '2021-51(20)-X.xls', NULL),
	(190, 348, 'MRI', '盆腔', '2021-01-01 00:00:00+00', '来自影像科采集文件', NULL, '/objects/uploads/7f741da9-ec7e-4a11-955f-4c6db9c53dbd', '2026-04-12 15:27:16.901476+00', '79', 2021, '2021-51(20)-X.xls', NULL),
	(188, 346, 'MRI', '盆腔', '2021-01-01 00:00:00+00', '来自影像科采集文件', NULL, '/objects/uploads/ba2c3aca-8356-45a9-9359-2b2be437e75f', '2026-04-12 15:27:16.901476+00', '71', 2021, '2021-51(20)-X.xls', NULL),
	(191, 349, 'MRI', '盆腔', '2021-01-01 00:00:00+00', '来自影像科采集文件', NULL, '/objects/uploads/600576ae-0206-45ae-b3d3-4705e1a478f4', '2026-04-12 15:27:16.901476+00', '82', 2021, '2021-51(20)-X.xls', '/objects/uploads/46e2f0f7-b5c1-4a26-bd14-3d8d752f3d4f'),
	(62, 231, 'MRI', '盆腔', '2020-01-01 00:00:00+00', '来自影像科采集文件', NULL, '/objects/uploads/d3b24c86-9289-4fa3-be69-e5d774f4915f', '2026-04-12 15:27:16.901476+00', '22', 2020, '2020-1(34)-Z.xlsx', NULL),
	(65, 234, 'MRI', '盆腔', '2020-01-01 00:00:00+00', '来自影像科采集文件', NULL, '/objects/uploads/18ca16ef-7d31-4ef3-baf1-713e8207c708', '2026-04-12 15:27:16.901476+00', '25', 2020, '2020-1(34)-Z.xlsx', NULL),
	(69, 238, 'MRI', '盆腔', '2020-01-01 00:00:00+00', '来自影像科采集文件', NULL, '/objects/uploads/bd2bf1d8-edea-4c76-be9a-3a4739b4c34a', '2026-04-12 15:27:16.901476+00', '28', 2020, '2020-1(34)-Z.xlsx', NULL),
	(73, 242, 'MRI', '盆腔', '2020-01-01 00:00:00+00', '来自影像科采集文件', NULL, '/objects/uploads/20f9ab90-c3b9-4de4-8d1e-eea93a777c8f', '2026-04-12 15:27:16.901476+00', '32', 2020, '2020-1(34)-Z.xlsx', NULL),
	(78, 247, 'MRI', '盆腔', '2020-01-01 00:00:00+00', '来自影像科采集文件', NULL, '/objects/uploads/bdcaabbd-1c99-4065-9720-d90993560db2', '2026-04-12 15:27:16.901476+00', '105', 2020, '2020-101(41)-X.xlsx', NULL),
	(81, 250, 'MRI', '盆腔', '2020-01-01 00:00:00+00', '来自影像科采集文件', NULL, '/objects/uploads/1aac4c96-5675-4f02-832a-d579e6b01688', '2026-04-12 15:27:16.901476+00', '113', 2020, '2020-101(41)-X.xlsx', NULL),
	(85, 253, 'MRI', '盆腔', '2020-01-01 00:00:00+00', '来自影像科采集文件', NULL, '/objects/uploads/276368f0-4704-4b71-834a-989536f78166', '2026-04-12 15:27:16.901476+00', '119', 2020, '2020-101(41)-X.xlsx', NULL),
	(88, 256, 'MRI', '盆腔', '2020-01-01 00:00:00+00', '来自影像科采集文件', NULL, '/objects/uploads/a1731757-b4ab-45c3-9ff1-46d8d1c76976', '2026-04-12 15:27:16.901476+00', '129', 2020, '2020-101(41)-X.xlsx', NULL),
	(92, 260, 'MRI', '盆腔', '2020-01-01 00:00:00+00', '来自影像科采集文件', NULL, '/objects/uploads/c08fc432-8f7b-472d-bd75-fe7f42ce2b3f', '2026-04-12 15:27:16.901476+00', '134', 2020, '2020-101(41)-X.xlsx', NULL),
	(95, 263, 'MRI', '盆腔', '2020-01-01 00:00:00+00', '来自影像科采集文件', NULL, '/objects/uploads/6dcc04aa-78c9-4a95-b9a1-f7bf8d8529bb', '2026-04-12 15:27:16.901476+00', '141', 2020, '2020-101(41)-X.xlsx', NULL),
	(98, 266, 'MRI', '盆腔', '2020-01-01 00:00:00+00', '来自影像科采集文件', NULL, '/objects/uploads/00ce31fe-138e-4fa1-a137-c3891c9238c1', '2026-04-12 15:27:16.901476+00', '148', 2020, '2020-101(41)-X.xlsx', NULL),
	(46, 215, 'MRI', '盆腔', '2020-01-01 00:00:00+00', '来自影像科采集文件', NULL, '/objects/uploads/a9aca757-8364-4477-9708-a528da5136dd', '2026-04-12 15:27:16.901476+00', '7', 2020, '2020-1(34)-Z.xlsx', NULL),
	(100, 268, 'MRI', '盆腔', '2020-01-01 00:00:00+00', '来自影像科采集文件', NULL, '/objects/uploads/b2f90aa1-5fac-46dd-b36e-3f0415840c2e', '2026-04-12 15:27:16.901476+00', '150', 2020, '2020-101(41)-X.xlsx', NULL),
	(106, 273, 'MRI', '盆腔', '2020-01-01 00:00:00+00', '来自影像科采集文件', NULL, '/objects/uploads/2ac14c39-374c-444a-aedc-36dbd5437fb2', '2026-04-12 15:27:16.901476+00', '172', 2020, '2020-101(41)-X.xlsx', NULL),
	(110, 277, 'MRI', '盆腔', '2020-01-01 00:00:00+00', '来自影像科采集文件', NULL, '/objects/uploads/aa4e0000-d497-4a9c-8976-75ea80c41fc5', '2026-04-12 15:27:16.901476+00', '182', 2020, '2020-101(41)-X.xlsx', NULL),
	(113, 280, 'MRI', '盆腔', '2020-01-01 00:00:00+00', '来自影像科采集文件', NULL, '/objects/uploads/2a2c21e1-ab67-4a54-aa32-08fe8384f56d', '2026-04-12 15:27:16.901476+00', '186', 2020, '2020-101(41)-X.xlsx', NULL),
	(115, 282, 'MRI', '盆腔', '2020-01-01 00:00:00+00', '来自影像科采集文件', NULL, '/objects/uploads/e03f5339-d01b-4a4f-8ab5-7b665f6fd5d4', '2026-04-12 15:27:16.901476+00', '192', 2020, '2020-101(41)-X.xlsx', NULL),
	(116, 283, 'MRI', '盆腔', '2020-01-01 00:00:00+00', '来自影像科采集文件', NULL, '/objects/uploads/e15765e5-b088-4662-88c6-0cd4679f6e2a', '2026-04-12 15:27:16.901476+00', '193', 2020, '2020-101(41)-X.xlsx', NULL),
	(121, 288, 'MRI', '盆腔', '2020-01-01 00:00:00+00', '来自影像科采集文件', NULL, '/objects/uploads/ec842867-bfdd-4743-b7f4-d8d5a83fb44b', '2026-04-12 15:27:16.901476+00', '204', 2020, '2020-201（30）-L.xls', NULL),
	(124, 291, 'MRI', '盆腔', '2020-01-01 00:00:00+00', '来自影像科采集文件', NULL, '/objects/uploads/f6c28193-09ef-4c89-ab58-7c49117e3bf3', '2026-04-12 15:27:16.901476+00', '207', 2020, '2020-201（30）-L.xls', NULL),
	(127, 294, 'MRI', '盆腔', '2020-01-01 00:00:00+00', '来自影像科采集文件', NULL, '/objects/uploads/3d64cd8e-3038-44bb-8f81-d8223952b97c', '2026-04-12 15:27:16.901476+00', '210', 2020, '2020-201（30）-L.xls', NULL),
	(130, 297, 'MRI', '盆腔', '2020-01-01 00:00:00+00', '来自影像科采集文件', NULL, '/objects/uploads/a73eda97-e0a9-4801-8579-fed777a32fd7', '2026-04-12 15:27:16.901476+00', '213', 2020, '2020-201（30）-L.xls', NULL),
	(134, 301, 'MRI', '盆腔', '2020-01-01 00:00:00+00', '来自影像科采集文件', NULL, '/objects/uploads/509861d8-8ddd-4527-ba7c-c85c3c4287b0', '2026-04-12 15:27:16.901476+00', '217', 2020, '2020-201（30）-L.xls', NULL),
	(138, 304, 'MRI', '盆腔', '2020-01-01 00:00:00+00', '来自影像科采集文件', NULL, '/objects/uploads/592c925a-e3a6-420a-8d7b-c40617b502bd', '2026-04-12 15:27:16.901476+00', '220', 2020, '2020-201（30）-L.xls', NULL),
	(142, 308, 'MRI', '盆腔', '2020-01-01 00:00:00+00', '来自影像科采集文件', NULL, '/objects/uploads/11b9e69f-2a7b-45e0-abce-d19f046b3157', '2026-04-12 15:27:16.901476+00', '224', 2020, '2020-201（30）-L.xls', NULL),
	(57, 226, 'MRI', '盆腔', '2020-01-01 00:00:00+00', '来自影像科采集文件', NULL, '/objects/uploads/3ac82fb7-2166-4c85-8bbc-8c650a130ee3', '2026-04-12 15:27:16.901476+00', '17', 2020, '2020-1(34)-Z.xlsx', NULL),
	(58, 227, 'MRI', '盆腔', '2020-01-01 00:00:00+00', '来自影像科采集文件', NULL, '/objects/uploads/355fad46-be63-4a50-b390-9b76291b22bb', '2026-04-12 15:27:16.901476+00', '18', 2020, '2020-1(34)-Z.xlsx', NULL);
INSERT INTO public.imaging_records (id, patient_id, modality, body_part, study_date, description, findings, image_url, created_at, imaging_dept_id, imaging_year, source_file, mask_url) VALUES
	(145, 311, 'MRI', '盆腔', '2020-01-01 00:00:00+00', '来自影像科采集文件', NULL, '/objects/uploads/2c44973f-79e4-4c5e-b915-13a87e7a2af5', '2026-04-12 15:27:16.901476+00', '227', 2020, '2020-201（30）-L.xls', NULL),
	(146, 312, 'MRI', '盆腔', '2020-01-01 00:00:00+00', '来自影像科采集文件', NULL, '/objects/uploads/810819fb-5f72-460d-a9c6-38a4dc5b0c1e', '2026-04-12 15:27:16.901476+00', '228', 2020, '2020-201（30）-L.xls', NULL),
	(147, 313, 'MRI', '盆腔', '2020-01-01 00:00:00+00', '来自影像科采集文件', NULL, '/objects/uploads/e4cd4ffb-628c-462f-9ced-872122eb3934', '2026-04-12 15:27:16.901476+00', '229', 2020, '2020-201（30）-L.xls', NULL),
	(154, 316, 'MRI', '盆腔', '2021-01-01 00:00:00+00', '来自影像科采集文件', NULL, '/objects/uploads/d6d6876a-e283-4bed-8d27-1d1675ced357', '2026-04-12 15:27:16.901476+00', '6', 2021, '2021-1（13）-Z.xlsx', NULL),
	(156, 318, 'MRI', '盆腔', '2021-01-01 00:00:00+00', '来自影像科采集文件', NULL, '/objects/uploads/16c6a423-5c3f-4cfb-bfd2-457edf729f01', '2026-04-12 15:27:16.901476+00', '10', 2021, '2021-1（13）-Z.xlsx', NULL),
	(159, 321, 'MRI', '盆腔', '2021-01-01 00:00:00+00', '来自影像科采集文件', NULL, '/objects/uploads/bc898b1b-e143-4c14-8ffa-456fa5457cef', '2026-04-12 15:27:16.901476+00', '13', 2021, '2021-1（13）-Z.xlsx', NULL),
	(158, 320, 'MRI', '盆腔', '2021-01-01 00:00:00+00', '来自影像科采集文件', NULL, '/objects/uploads/68cae943-51ee-4ab9-84bc-ca3bd61a97d4', '2026-04-12 15:27:16.901476+00', '11', 2021, '2021-1（13）-Z.xlsx', NULL),
	(181, 340, 'MRI', '盆腔', '2021-01-01 00:00:00+00', '来自影像科采集文件', NULL, '/objects/uploads/57047a76-496d-41d0-8290-84fa1d59d7c3', '2026-04-12 15:27:16.901476+00', '60', 2021, '2021-51(20)-X.xls', NULL),
	(184, 343, 'MRI', '盆腔', '2021-01-01 00:00:00+00', '来自影像科采集文件', NULL, '/objects/uploads/a94a9578-79cd-4fb7-ac95-c9d09d45504d', '2026-04-12 15:27:16.901476+00', '68', 2021, '2021-51(20)-X.xls', NULL),
	(189, 347, 'MRI', '盆腔', '2021-01-01 00:00:00+00', '来自影像科采集文件', NULL, '/objects/uploads/345d2fde-8602-4f4e-8413-7757f302f565', '2026-04-12 15:27:16.901476+00', '78', 2021, '2021-51(20)-X.xls', NULL),
	(193, 351, 'MRI', '盆腔', '2021-01-01 00:00:00+00', '来自影像科采集文件', NULL, '/objects/uploads/754f36fe-029f-4696-84c6-3474f169beab', '2026-04-12 15:27:16.901476+00', '86', 2021, '2021-51(20)-X.xls', NULL),
	(192, 350, 'MRI', '盆腔', '2021-01-01 00:00:00+00', '来自影像科采集文件', NULL, '/objects/uploads/14bd530a-97fb-4f16-af48-d4c03bf008a2', '2026-04-12 15:27:16.901476+00', '83', 2021, '2021-51(20)-X.xls', '/objects/uploads/61f0979c-42be-4417-92c0-c30fe5719537');


--
-- Data for Name: radiomics_features; Type: TABLE DATA; Schema: public; Owner: -
--

INSERT INTO public.radiomics_features (id, patient_id, feature_class, feature_name, feature_value, imaging_id, created_at) VALUES
	(31, 349, 'shape', 'Elongation', 0.81019396, 191, '2026-04-12 18:52:35.836777+00'),
	(32, 349, 'shape', 'Flatness', 0.7812665, 191, '2026-04-12 18:52:35.836777+00'),
	(33, 349, 'shape', 'LeastAxisLength', 33.4947, 191, '2026-04-12 18:52:35.836777+00'),
	(34, 349, 'shape', 'MajorAxisLength', 42.872314, 191, '2026-04-12 18:52:35.836777+00'),
	(35, 349, 'shape', 'Maximum2DDiameterColumn', 54.3437, 191, '2026-04-12 18:52:35.836777+00'),
	(36, 349, 'shape', 'Maximum2DDiameterRow', 45.587532, 191, '2026-04-12 18:52:35.836777+00'),
	(37, 349, 'shape', 'Maximum2DDiameterSlice', 45.954502, 191, '2026-04-12 18:52:35.836777+00'),
	(38, 349, 'shape', 'Maximum3DDiameter', 58.685265, 191, '2026-04-12 18:52:35.836777+00'),
	(39, 349, 'shape', 'MeshVolume', 29207.602, 191, '2026-04-12 18:52:35.836777+00'),
	(40, 349, 'shape', 'MinorAxisLength', 34.73489, 191, '2026-04-12 18:52:35.836777+00'),
	(41, 349, 'shape', 'Sphericity', 0.64453095, 191, '2026-04-12 18:52:35.836777+00'),
	(42, 349, 'shape', 'SurfaceArea', 7116.0273, 191, '2026-04-12 18:52:35.836777+00'),
	(43, 349, 'shape', 'SurfaceVolumeRatio', 0.24363615, 191, '2026-04-12 18:52:35.836777+00'),
	(44, 349, 'shape', 'VoxelVolume', 29577.885, 191, '2026-04-12 18:52:35.836777+00'),
	(45, 349, 'firstorder', '10Percentile', 1, 191, '2026-04-12 18:52:35.836777+00'),
	(46, 349, 'firstorder', '90Percentile', 1, 191, '2026-04-12 18:52:35.836777+00'),
	(47, 349, 'firstorder', 'Energy', 2423, 191, '2026-04-12 18:52:35.836777+00'),
	(48, 349, 'firstorder', 'Entropy', -3.2034265e-16, 191, '2026-04-12 18:52:35.836777+00'),
	(49, 349, 'firstorder', 'InterquartileRange', 0, 191, '2026-04-12 18:52:35.836777+00'),
	(50, 349, 'firstorder', 'Kurtosis', 0, 191, '2026-04-12 18:52:35.836777+00'),
	(51, 349, 'firstorder', 'Maximum', 1, 191, '2026-04-12 18:52:35.836777+00'),
	(52, 349, 'firstorder', 'MeanAbsoluteDeviation', 0, 191, '2026-04-12 18:52:35.836777+00'),
	(53, 349, 'firstorder', 'Mean', 1, 191, '2026-04-12 18:52:35.836777+00'),
	(54, 349, 'firstorder', 'Median', 1, 191, '2026-04-12 18:52:35.836777+00'),
	(55, 349, 'firstorder', 'Minimum', 1, 191, '2026-04-12 18:52:35.836777+00'),
	(56, 349, 'firstorder', 'Range', 0, 191, '2026-04-12 18:52:35.836777+00'),
	(57, 349, 'firstorder', 'RobustMeanAbsoluteDeviation', 0, 191, '2026-04-12 18:52:35.836777+00'),
	(58, 349, 'firstorder', 'RootMeanSquared', 1, 191, '2026-04-12 18:52:35.836777+00'),
	(59, 349, 'firstorder', 'Skewness', 0, 191, '2026-04-12 18:52:35.836777+00'),
	(60, 349, 'firstorder', 'TotalEnergy', 29577.885, 191, '2026-04-12 18:52:35.836777+00'),
	(61, 349, 'firstorder', 'Uniformity', 1, 191, '2026-04-12 18:52:35.836777+00'),
	(62, 349, 'firstorder', 'Variance', 0, 191, '2026-04-12 18:52:35.836777+00'),
	(63, 349, 'glcm', 'Autocorrelation', 1, 191, '2026-04-12 18:52:35.836777+00'),
	(64, 349, 'glcm', 'ClusterProminence', 0, 191, '2026-04-12 18:52:35.836777+00'),
	(65, 349, 'glcm', 'ClusterShade', 0, 191, '2026-04-12 18:52:35.836777+00'),
	(66, 349, 'glcm', 'ClusterTendency', 0, 191, '2026-04-12 18:52:35.836777+00'),
	(67, 349, 'glcm', 'Contrast', 0, 191, '2026-04-12 18:52:35.836777+00'),
	(68, 349, 'glcm', 'Correlation', 1, 191, '2026-04-12 18:52:35.836777+00'),
	(69, 349, 'glcm', 'DifferenceAverage', 0, 191, '2026-04-12 18:52:35.836777+00'),
	(70, 349, 'glcm', 'DifferenceEntropy', -3.2034265e-16, 191, '2026-04-12 18:52:35.836777+00'),
	(71, 349, 'glcm', 'DifferenceVariance', 0, 191, '2026-04-12 18:52:35.836777+00'),
	(72, 349, 'glcm', 'Id', 1, 191, '2026-04-12 18:52:35.836777+00'),
	(73, 349, 'glcm', 'Idm', 1, 191, '2026-04-12 18:52:35.836777+00'),
	(74, 349, 'glcm', 'Idmn', 1, 191, '2026-04-12 18:52:35.836777+00'),
	(75, 349, 'glcm', 'Idn', 1, 191, '2026-04-12 18:52:35.836777+00'),
	(76, 349, 'glcm', 'Imc1', 0, 191, '2026-04-12 18:52:35.836777+00'),
	(77, 349, 'glcm', 'Imc2', 0, 191, '2026-04-12 18:52:35.836777+00'),
	(78, 349, 'glcm', 'InverseVariance', 0, 191, '2026-04-12 18:52:35.836777+00'),
	(79, 349, 'glcm', 'JointAverage', 1, 191, '2026-04-12 18:52:35.836777+00'),
	(80, 349, 'glcm', 'JointEnergy', 1, 191, '2026-04-12 18:52:35.836777+00');
INSERT INTO public.radiomics_features (id, patient_id, feature_class, feature_name, feature_value, imaging_id, created_at) VALUES
	(81, 349, 'glcm', 'JointEntropy', -3.2034265e-16, 191, '2026-04-12 18:52:35.836777+00'),
	(82, 349, 'glcm', 'MCC', 1, 191, '2026-04-12 18:52:35.836777+00'),
	(83, 349, 'glcm', 'MaximumProbability', 1, 191, '2026-04-12 18:52:35.836777+00'),
	(84, 349, 'glcm', 'SumAverage', 2, 191, '2026-04-12 18:52:35.836777+00'),
	(85, 349, 'glcm', 'SumEntropy', -3.2034265e-16, 191, '2026-04-12 18:52:35.836777+00'),
	(86, 349, 'glcm', 'SumSquares', 0, 191, '2026-04-12 18:52:35.836777+00'),
	(87, 349, 'gldm', 'DependenceEntropy', 3.5038214, 191, '2026-04-12 18:52:35.836777+00'),
	(88, 349, 'gldm', 'DependenceNonUniformity', 393.4482, 191, '2026-04-12 18:52:35.836777+00'),
	(89, 349, 'gldm', 'DependenceNonUniformityNormalized', 0.1623806, 191, '2026-04-12 18:52:35.836777+00'),
	(90, 349, 'gldm', 'DependenceVariance', 35.36972, 191, '2026-04-12 18:52:35.836777+00'),
	(91, 349, 'gldm', 'GrayLevelNonUniformity', 2423, 191, '2026-04-12 18:52:35.836777+00'),
	(92, 349, 'gldm', 'GrayLevelVariance', 0, 191, '2026-04-12 18:52:35.836777+00'),
	(93, 349, 'gldm', 'HighGrayLevelEmphasis', 1, 191, '2026-04-12 18:52:35.836777+00'),
	(94, 349, 'gldm', 'LargeDependenceEmphasis', 468.2604, 191, '2026-04-12 18:52:35.836777+00'),
	(95, 349, 'gldm', 'LargeDependenceHighGrayLevelEmphasis', 468.2604, 191, '2026-04-12 18:52:35.836777+00'),
	(96, 349, 'gldm', 'LargeDependenceLowGrayLevelEmphasis', 468.2604, 191, '2026-04-12 18:52:35.836777+00'),
	(97, 349, 'gldm', 'LowGrayLevelEmphasis', 1, 191, '2026-04-12 18:52:35.836777+00'),
	(98, 349, 'gldm', 'SmallDependenceEmphasis', 0.0038562391, 191, '2026-04-12 18:52:35.836777+00'),
	(99, 349, 'gldm', 'SmallDependenceHighGrayLevelEmphasis', 0.0038562391, 191, '2026-04-12 18:52:35.836777+00'),
	(100, 349, 'gldm', 'SmallDependenceLowGrayLevelEmphasis', 0.0038562391, 191, '2026-04-12 18:52:35.836777+00'),
	(101, 349, 'glrlm', 'GrayLevelNonUniformity', 577.2308, 191, '2026-04-12 18:52:35.836777+00'),
	(102, 349, 'glrlm', 'GrayLevelNonUniformityNormalized', 1, 191, '2026-04-12 18:52:35.836777+00'),
	(103, 349, 'glrlm', 'GrayLevelVariance', 0, 191, '2026-04-12 18:52:35.836777+00'),
	(104, 349, 'glrlm', 'HighGrayLevelRunEmphasis', 1, 191, '2026-04-12 18:52:35.836777+00'),
	(105, 349, 'glrlm', 'LongRunEmphasis', 67.14123, 191, '2026-04-12 18:52:35.836777+00'),
	(106, 349, 'glrlm', 'LongRunHighGrayLevelEmphasis', 67.14123, 191, '2026-04-12 18:52:35.836777+00'),
	(107, 349, 'glrlm', 'LongRunLowGrayLevelEmphasis', 67.14123, 191, '2026-04-12 18:52:35.836777+00'),
	(108, 349, 'glrlm', 'LowGrayLevelRunEmphasis', 1, 191, '2026-04-12 18:52:35.836777+00'),
	(109, 349, 'glrlm', 'RunEntropy', 3.1056864, 191, '2026-04-12 18:52:35.836777+00'),
	(110, 349, 'glrlm', 'RunLengthNonUniformity', 100.8802, 191, '2026-04-12 18:52:35.836777+00'),
	(111, 349, 'glrlm', 'RunLengthNonUniformityNormalized', 0.14824909, 191, '2026-04-12 18:52:35.836777+00'),
	(112, 349, 'glrlm', 'RunPercentage', 0.23822978, 191, '2026-04-12 18:52:35.836777+00'),
	(113, 349, 'glrlm', 'RunVariance', 15.508175, 191, '2026-04-12 18:52:35.836777+00'),
	(114, 349, 'glrlm', 'ShortRunEmphasis', 0.26315197, 191, '2026-04-12 18:52:35.836777+00'),
	(115, 349, 'glrlm', 'ShortRunHighGrayLevelEmphasis', 0.26315197, 191, '2026-04-12 18:52:35.836777+00'),
	(116, 349, 'glrlm', 'ShortRunLowGrayLevelEmphasis', 0.26315197, 191, '2026-04-12 18:52:35.836777+00'),
	(117, 349, 'glszm', 'GrayLevelNonUniformity', 1, 191, '2026-04-12 18:52:35.836777+00'),
	(118, 349, 'glszm', 'GrayLevelNonUniformityNormalized', 1, 191, '2026-04-12 18:52:35.836777+00'),
	(119, 349, 'glszm', 'GrayLevelVariance', 0, 191, '2026-04-12 18:52:35.836777+00'),
	(120, 349, 'glszm', 'HighGrayLevelZoneEmphasis', 1, 191, '2026-04-12 18:52:35.836777+00'),
	(121, 349, 'glszm', 'LargeAreaEmphasis', 5.870929e+06, 191, '2026-04-12 18:52:35.836777+00'),
	(122, 349, 'glszm', 'LargeAreaHighGrayLevelEmphasis', 5.870929e+06, 191, '2026-04-12 18:52:35.836777+00'),
	(123, 349, 'glszm', 'LargeAreaLowGrayLevelEmphasis', 5.870929e+06, 191, '2026-04-12 18:52:35.836777+00'),
	(124, 349, 'glszm', 'LowGrayLevelZoneEmphasis', 1, 191, '2026-04-12 18:52:35.836777+00'),
	(125, 349, 'glszm', 'SizeZoneNonUniformity', 1, 191, '2026-04-12 18:52:35.836777+00'),
	(126, 349, 'glszm', 'SizeZoneNonUniformityNormalized', 1, 191, '2026-04-12 18:52:35.836777+00'),
	(127, 349, 'glszm', 'SmallAreaEmphasis', 1.703308e-07, 191, '2026-04-12 18:52:35.836777+00'),
	(128, 349, 'glszm', 'SmallAreaHighGrayLevelEmphasis', 1.703308e-07, 191, '2026-04-12 18:52:35.836777+00'),
	(129, 349, 'glszm', 'SmallAreaLowGrayLevelEmphasis', 1.703308e-07, 191, '2026-04-12 18:52:35.836777+00'),
	(130, 349, 'glszm', 'ZoneEntropy', -3.2034265e-16, 191, '2026-04-12 18:52:35.836777+00');
INSERT INTO public.radiomics_features (id, patient_id, feature_class, feature_name, feature_value, imaging_id, created_at) VALUES
	(131, 349, 'glszm', 'ZonePercentage', 0.00041271152, 191, '2026-04-12 18:52:35.836777+00'),
	(132, 349, 'glszm', 'ZoneVariance', 0, 191, '2026-04-12 18:52:35.836777+00'),
	(133, 349, 'ngtdm', 'Busyness', 0, 191, '2026-04-12 18:52:35.836777+00'),
	(134, 349, 'ngtdm', 'Coarseness', 1e+06, 191, '2026-04-12 18:52:35.836777+00'),
	(135, 349, 'ngtdm', 'Complexity', 0, 191, '2026-04-12 18:52:35.836777+00'),
	(136, 349, 'ngtdm', 'Contrast', 0, 191, '2026-04-12 18:52:35.836777+00'),
	(137, 349, 'ngtdm', 'Strength', 0, 191, '2026-04-12 18:52:35.836777+00'),
	(138, 350, 'shape', 'Elongation', 0.9290644, 192, '2026-04-12 18:52:43.183785+00'),
	(139, 350, 'shape', 'Flatness', 0.5586988, 192, '2026-04-12 18:52:43.183785+00'),
	(140, 350, 'shape', 'LeastAxisLength', 19.846, 192, '2026-04-12 18:52:43.183785+00'),
	(141, 350, 'shape', 'MajorAxisLength', 35.521824, 192, '2026-04-12 18:52:43.183785+00'),
	(142, 350, 'shape', 'Maximum2DDiameterColumn', 40.728634, 192, '2026-04-12 18:52:43.183785+00'),
	(143, 350, 'shape', 'Maximum2DDiameterRow', 39.434, 192, '2026-04-12 18:52:43.183785+00'),
	(144, 350, 'shape', 'Maximum2DDiameterSlice', 39.08085, 192, '2026-04-12 18:52:43.183785+00'),
	(145, 350, 'shape', 'Maximum3DDiameter', 44.11416, 192, '2026-04-12 18:52:43.183785+00'),
	(146, 350, 'shape', 'MeshVolume', 15233.025, 192, '2026-04-12 18:52:43.183785+00'),
	(147, 350, 'shape', 'MinorAxisLength', 33.002064, 192, '2026-04-12 18:52:43.183785+00'),
	(148, 350, 'shape', 'Sphericity', 0.71911585, 192, '2026-04-12 18:52:43.183785+00'),
	(149, 350, 'shape', 'SurfaceArea', 4132.467, 192, '2026-04-12 18:52:43.183785+00'),
	(150, 350, 'shape', 'SurfaceVolumeRatio', 0.2712834, 192, '2026-04-12 18:52:43.183785+00'),
	(151, 350, 'shape', 'VoxelVolume', 15560.546, 192, '2026-04-12 18:52:43.183785+00'),
	(152, 350, 'firstorder', '10Percentile', 1, 192, '2026-04-12 18:52:43.183785+00'),
	(153, 350, 'firstorder', '90Percentile', 1, 192, '2026-04-12 18:52:43.183785+00'),
	(154, 350, 'firstorder', 'Energy', 776, 192, '2026-04-12 18:52:43.183785+00'),
	(155, 350, 'firstorder', 'Entropy', -3.2034265e-16, 192, '2026-04-12 18:52:43.183785+00'),
	(156, 350, 'firstorder', 'InterquartileRange', 0, 192, '2026-04-12 18:52:43.183785+00'),
	(157, 350, 'firstorder', 'Kurtosis', 0, 192, '2026-04-12 18:52:43.183785+00'),
	(158, 350, 'firstorder', 'Maximum', 1, 192, '2026-04-12 18:52:43.183785+00'),
	(159, 350, 'firstorder', 'MeanAbsoluteDeviation', 0, 192, '2026-04-12 18:52:43.183785+00'),
	(160, 350, 'firstorder', 'Mean', 1, 192, '2026-04-12 18:52:43.183785+00'),
	(161, 350, 'firstorder', 'Median', 1, 192, '2026-04-12 18:52:43.183785+00'),
	(162, 350, 'firstorder', 'Minimum', 1, 192, '2026-04-12 18:52:43.183785+00'),
	(163, 350, 'firstorder', 'Range', 0, 192, '2026-04-12 18:52:43.183785+00'),
	(164, 350, 'firstorder', 'RobustMeanAbsoluteDeviation', 0, 192, '2026-04-12 18:52:43.183785+00'),
	(165, 350, 'firstorder', 'RootMeanSquared', 1, 192, '2026-04-12 18:52:43.183785+00'),
	(166, 350, 'firstorder', 'Skewness', 0, 192, '2026-04-12 18:52:43.183785+00'),
	(167, 350, 'firstorder', 'TotalEnergy', 15560.546, 192, '2026-04-12 18:52:43.183785+00'),
	(168, 350, 'firstorder', 'Uniformity', 1, 192, '2026-04-12 18:52:43.183785+00'),
	(169, 350, 'firstorder', 'Variance', 0, 192, '2026-04-12 18:52:43.183785+00'),
	(170, 350, 'glcm', 'Autocorrelation', 1, 192, '2026-04-12 18:52:43.183785+00'),
	(171, 350, 'glcm', 'ClusterProminence', 0, 192, '2026-04-12 18:52:43.183785+00'),
	(172, 350, 'glcm', 'ClusterShade', 0, 192, '2026-04-12 18:52:43.183785+00'),
	(173, 350, 'glcm', 'ClusterTendency', 0, 192, '2026-04-12 18:52:43.183785+00'),
	(174, 350, 'glcm', 'Contrast', 0, 192, '2026-04-12 18:52:43.183785+00'),
	(175, 350, 'glcm', 'Correlation', 1, 192, '2026-04-12 18:52:43.183785+00'),
	(176, 350, 'glcm', 'DifferenceAverage', 0, 192, '2026-04-12 18:52:43.183785+00'),
	(177, 350, 'glcm', 'DifferenceEntropy', -3.2034265e-16, 192, '2026-04-12 18:52:43.183785+00'),
	(178, 350, 'glcm', 'DifferenceVariance', 0, 192, '2026-04-12 18:52:43.183785+00'),
	(179, 350, 'glcm', 'Id', 1, 192, '2026-04-12 18:52:43.183785+00'),
	(180, 350, 'glcm', 'Idm', 1, 192, '2026-04-12 18:52:43.183785+00');
INSERT INTO public.radiomics_features (id, patient_id, feature_class, feature_name, feature_value, imaging_id, created_at) VALUES
	(181, 350, 'glcm', 'Idmn', 1, 192, '2026-04-12 18:52:43.183785+00'),
	(182, 350, 'glcm', 'Idn', 1, 192, '2026-04-12 18:52:43.183785+00'),
	(183, 350, 'glcm', 'Imc1', 0, 192, '2026-04-12 18:52:43.183785+00'),
	(184, 350, 'glcm', 'Imc2', 0, 192, '2026-04-12 18:52:43.183785+00'),
	(185, 350, 'glcm', 'InverseVariance', 0, 192, '2026-04-12 18:52:43.183785+00'),
	(186, 350, 'glcm', 'JointAverage', 1, 192, '2026-04-12 18:52:43.183785+00'),
	(187, 350, 'glcm', 'JointEnergy', 1, 192, '2026-04-12 18:52:43.183785+00'),
	(188, 350, 'glcm', 'JointEntropy', -3.2034265e-16, 192, '2026-04-12 18:52:43.183785+00'),
	(189, 350, 'glcm', 'MCC', 1, 192, '2026-04-12 18:52:43.183785+00'),
	(190, 350, 'glcm', 'MaximumProbability', 1, 192, '2026-04-12 18:52:43.183785+00'),
	(191, 350, 'glcm', 'SumAverage', 2, 192, '2026-04-12 18:52:43.183785+00'),
	(192, 350, 'glcm', 'SumEntropy', -3.2034265e-16, 192, '2026-04-12 18:52:43.183785+00'),
	(193, 350, 'glcm', 'SumSquares', 0, 192, '2026-04-12 18:52:43.183785+00'),
	(194, 350, 'gldm', 'DependenceEntropy', 3.962602, 192, '2026-04-12 18:52:43.183785+00'),
	(195, 350, 'gldm', 'DependenceNonUniformity', 69.79124, 192, '2026-04-12 18:52:43.183785+00'),
	(196, 350, 'gldm', 'DependenceNonUniformityNormalized', 0.08993716, 192, '2026-04-12 18:52:43.183785+00'),
	(197, 350, 'gldm', 'DependenceVariance', 30.5, 192, '2026-04-12 18:52:43.183785+00'),
	(198, 350, 'gldm', 'GrayLevelNonUniformity', 776, 192, '2026-04-12 18:52:43.183785+00'),
	(199, 350, 'gldm', 'GrayLevelVariance', 0, 192, '2026-04-12 18:52:43.183785+00'),
	(200, 350, 'gldm', 'HighGrayLevelEmphasis', 1, 192, '2026-04-12 18:52:43.183785+00'),
	(201, 350, 'gldm', 'LargeDependenceEmphasis', 410.75, 192, '2026-04-12 18:52:43.183785+00'),
	(202, 350, 'gldm', 'LargeDependenceHighGrayLevelEmphasis', 410.75, 192, '2026-04-12 18:52:43.183785+00'),
	(203, 350, 'gldm', 'LargeDependenceLowGrayLevelEmphasis', 410.75, 192, '2026-04-12 18:52:43.183785+00'),
	(204, 350, 'gldm', 'LowGrayLevelEmphasis', 1, 192, '2026-04-12 18:52:43.183785+00'),
	(205, 350, 'gldm', 'SmallDependenceEmphasis', 0.004042968, 192, '2026-04-12 18:52:43.183785+00'),
	(206, 350, 'gldm', 'SmallDependenceHighGrayLevelEmphasis', 0.004042968, 192, '2026-04-12 18:52:43.183785+00'),
	(207, 350, 'gldm', 'SmallDependenceLowGrayLevelEmphasis', 0.004042968, 192, '2026-04-12 18:52:43.183785+00'),
	(208, 350, 'glrlm', 'GrayLevelNonUniformity', 223.84616, 192, '2026-04-12 18:52:43.183785+00'),
	(209, 350, 'glrlm', 'GrayLevelNonUniformityNormalized', 1, 192, '2026-04-12 18:52:43.183785+00'),
	(210, 350, 'glrlm', 'GrayLevelVariance', 0, 192, '2026-04-12 18:52:43.183785+00'),
	(211, 350, 'glrlm', 'HighGrayLevelRunEmphasis', 1, 192, '2026-04-12 18:52:43.183785+00'),
	(212, 350, 'glrlm', 'LongRunEmphasis', 33.887573, 192, '2026-04-12 18:52:43.183785+00'),
	(213, 350, 'glrlm', 'LongRunHighGrayLevelEmphasis', 33.887573, 192, '2026-04-12 18:52:43.183785+00'),
	(214, 350, 'glrlm', 'LongRunLowGrayLevelEmphasis', 33.887573, 192, '2026-04-12 18:52:43.183785+00'),
	(215, 350, 'glrlm', 'LowGrayLevelRunEmphasis', 1, 192, '2026-04-12 18:52:43.183785+00'),
	(216, 350, 'glrlm', 'RunEntropy', 2.6156151, 192, '2026-04-12 18:52:43.183785+00'),
	(217, 350, 'glrlm', 'RunLengthNonUniformity', 49.64957, 192, '2026-04-12 18:52:43.183785+00'),
	(218, 350, 'glrlm', 'RunLengthNonUniformityNormalized', 0.19325523, 192, '2026-04-12 18:52:43.183785+00'),
	(219, 350, 'glrlm', 'RunPercentage', 0.28846154, 192, '2026-04-12 18:52:43.183785+00'),
	(220, 350, 'glrlm', 'RunVariance', 6.120922, 192, '2026-04-12 18:52:43.183785+00'),
	(221, 350, 'glrlm', 'ShortRunEmphasis', 0.2350768, 192, '2026-04-12 18:52:43.183785+00'),
	(222, 350, 'glrlm', 'ShortRunHighGrayLevelEmphasis', 0.2350768, 192, '2026-04-12 18:52:43.183785+00'),
	(223, 350, 'glrlm', 'ShortRunLowGrayLevelEmphasis', 0.2350768, 192, '2026-04-12 18:52:43.183785+00'),
	(224, 350, 'glszm', 'GrayLevelNonUniformity', 1, 192, '2026-04-12 18:52:43.183785+00'),
	(225, 350, 'glszm', 'GrayLevelNonUniformityNormalized', 1, 192, '2026-04-12 18:52:43.183785+00'),
	(226, 350, 'glszm', 'GrayLevelVariance', 0, 192, '2026-04-12 18:52:43.183785+00'),
	(227, 350, 'glszm', 'HighGrayLevelZoneEmphasis', 1, 192, '2026-04-12 18:52:43.183785+00'),
	(228, 350, 'glszm', 'LargeAreaEmphasis', 602176, 192, '2026-04-12 18:52:43.183785+00'),
	(229, 350, 'glszm', 'LargeAreaHighGrayLevelEmphasis', 602176, 192, '2026-04-12 18:52:43.183785+00'),
	(230, 350, 'glszm', 'LargeAreaLowGrayLevelEmphasis', 602176, 192, '2026-04-12 18:52:43.183785+00');
INSERT INTO public.radiomics_features (id, patient_id, feature_class, feature_name, feature_value, imaging_id, created_at) VALUES
	(231, 350, 'glszm', 'LowGrayLevelZoneEmphasis', 1, 192, '2026-04-12 18:52:43.183785+00'),
	(232, 350, 'glszm', 'SizeZoneNonUniformity', 1, 192, '2026-04-12 18:52:43.183785+00'),
	(233, 350, 'glszm', 'SizeZoneNonUniformityNormalized', 1, 192, '2026-04-12 18:52:43.183785+00'),
	(234, 350, 'glszm', 'SmallAreaEmphasis', 1.6606441e-06, 192, '2026-04-12 18:52:43.183785+00'),
	(235, 350, 'glszm', 'SmallAreaHighGrayLevelEmphasis', 1.6606441e-06, 192, '2026-04-12 18:52:43.183785+00'),
	(236, 350, 'glszm', 'SmallAreaLowGrayLevelEmphasis', 1.6606441e-06, 192, '2026-04-12 18:52:43.183785+00'),
	(237, 350, 'glszm', 'ZoneEntropy', -3.2034265e-16, 192, '2026-04-12 18:52:43.183785+00'),
	(238, 350, 'glszm', 'ZonePercentage', 0.0012886598, 192, '2026-04-12 18:52:43.183785+00'),
	(239, 350, 'glszm', 'ZoneVariance', 0, 192, '2026-04-12 18:52:43.183785+00'),
	(240, 350, 'ngtdm', 'Busyness', 0, 192, '2026-04-12 18:52:43.183785+00'),
	(241, 350, 'ngtdm', 'Coarseness', 1e+06, 192, '2026-04-12 18:52:43.183785+00'),
	(242, 350, 'ngtdm', 'Complexity', 0, 192, '2026-04-12 18:52:43.183785+00'),
	(243, 350, 'ngtdm', 'Contrast', 0, 192, '2026-04-12 18:52:43.183785+00'),
	(244, 350, 'ngtdm', 'Strength', 0, 192, '2026-04-12 18:52:43.183785+00'),
	(245, 326, 'shape', 'Elongation', 0.667376, 164, '2026-04-12 18:53:37.16016+00'),
	(246, 326, 'shape', 'Flatness', 0.29397318, 164, '2026-04-12 18:53:37.16016+00'),
	(247, 326, 'shape', 'LeastAxisLength', 13.720943, 164, '2026-04-12 18:53:37.16016+00'),
	(248, 326, 'shape', 'MajorAxisLength', 46.674133, 164, '2026-04-12 18:53:37.16016+00'),
	(249, 326, 'shape', 'Maximum2DDiameterColumn', 45.703125, 164, '2026-04-12 18:53:37.16016+00'),
	(250, 326, 'shape', 'Maximum2DDiameterRow', 37.507618, 164, '2026-04-12 18:53:37.16016+00'),
	(251, 326, 'shape', 'Maximum2DDiameterSlice', 50.92567, 164, '2026-04-12 18:53:37.16016+00'),
	(252, 326, 'shape', 'Maximum3DDiameter', 51.51119, 164, '2026-04-12 18:53:37.16016+00'),
	(253, 326, 'shape', 'MeshVolume', 11607.744, 164, '2026-04-12 18:53:37.16016+00'),
	(254, 326, 'shape', 'MinorAxisLength', 31.149197, 164, '2026-04-12 18:53:37.16016+00'),
	(255, 326, 'shape', 'Sphericity', 0.61907494, 164, '2026-04-12 18:53:37.16016+00'),
	(256, 326, 'shape', 'SurfaceArea', 4004.7258, 164, '2026-04-12 18:53:37.16016+00'),
	(257, 326, 'shape', 'SurfaceVolumeRatio', 0.34500465, 164, '2026-04-12 18:53:37.16016+00'),
	(258, 326, 'shape', 'VoxelVolume', 11971.191, 164, '2026-04-12 18:53:37.16016+00'),
	(259, 326, 'firstorder', '10Percentile', 55, 164, '2026-04-12 18:53:37.16016+00'),
	(260, 326, 'firstorder', '90Percentile', 167, 164, '2026-04-12 18:53:37.16016+00'),
	(261, 326, 'firstorder', 'Energy', 9.007554e+06, 164, '2026-04-12 18:53:37.16016+00'),
	(262, 326, 'firstorder', 'Entropy', 2.8070624, 164, '2026-04-12 18:53:37.16016+00'),
	(263, 326, 'firstorder', 'InterquartileRange', 70, 164, '2026-04-12 18:53:37.16016+00'),
	(264, 326, 'firstorder', 'Kurtosis', 2.9206336, 164, '2026-04-12 18:53:37.16016+00'),
	(265, 326, 'firstorder', 'Maximum', 273, 164, '2026-04-12 18:53:37.16016+00'),
	(266, 326, 'firstorder', 'MeanAbsoluteDeviation', 37.6107, 164, '2026-04-12 18:53:37.16016+00'),
	(267, 326, 'firstorder', 'Mean', 114.268005, 164, '2026-04-12 18:53:37.16016+00'),
	(268, 326, 'firstorder', 'Median', 116, 164, '2026-04-12 18:53:37.16016+00'),
	(269, 326, 'firstorder', 'Minimum', 25, 164, '2026-04-12 18:53:37.16016+00'),
	(270, 326, 'firstorder', 'Range', 248, 164, '2026-04-12 18:53:37.16016+00'),
	(271, 326, 'firstorder', 'RobustMeanAbsoluteDeviation', 28.691671, 164, '2026-04-12 18:53:37.16016+00'),
	(272, 326, 'firstorder', 'RootMeanSquared', 122.83334, 164, '2026-04-12 18:53:37.16016+00'),
	(273, 326, 'firstorder', 'Skewness', 0.29786795, 164, '2026-04-12 18:53:37.16016+00'),
	(274, 326, 'firstorder', 'TotalEnergy', 1.806217e+08, 164, '2026-04-12 18:53:37.16016+00'),
	(275, 326, 'firstorder', 'Uniformity', 0.1585005, 164, '2026-04-12 18:53:37.16016+00'),
	(276, 326, 'firstorder', 'Variance', 2030.8528, 164, '2026-04-12 18:53:37.16016+00'),
	(277, 326, 'glcm', 'Autocorrelation', 20.049725, 164, '2026-04-12 18:53:37.16016+00'),
	(278, 326, 'glcm', 'ClusterProminence', 166.3792, 164, '2026-04-12 18:53:37.16016+00'),
	(279, 326, 'glcm', 'ClusterShade', -0.17708756, 164, '2026-04-12 18:53:37.16016+00'),
	(280, 326, 'glcm', 'ClusterTendency', 6.855981, 164, '2026-04-12 18:53:37.16016+00');
INSERT INTO public.radiomics_features (id, patient_id, feature_class, feature_name, feature_value, imaging_id, created_at) VALUES
	(281, 326, 'glcm', 'Contrast', 4.6982155, 164, '2026-04-12 18:53:37.16016+00'),
	(282, 326, 'glcm', 'Correlation', 0.16144378, 164, '2026-04-12 18:53:37.16016+00'),
	(283, 326, 'glcm', 'DifferenceAverage', 1.614755, 164, '2026-04-12 18:53:37.16016+00'),
	(284, 326, 'glcm', 'DifferenceEntropy', 2.1932497, 164, '2026-04-12 18:53:37.16016+00'),
	(285, 326, 'glcm', 'DifferenceVariance', 1.7967958, 164, '2026-04-12 18:53:37.16016+00'),
	(286, 326, 'glcm', 'Id', 0.5083825, 164, '2026-04-12 18:53:37.16016+00'),
	(287, 326, 'glcm', 'Idm', 0.44760376, 164, '2026-04-12 18:53:37.16016+00'),
	(288, 326, 'glcm', 'Idmn', 0.96002007, 164, '2026-04-12 18:53:37.16016+00'),
	(289, 326, 'glcm', 'Idn', 0.87281513, 164, '2026-04-12 18:53:37.16016+00'),
	(290, 326, 'glcm', 'Imc1', -0.13311483, 164, '2026-04-12 18:53:37.16016+00'),
	(291, 326, 'glcm', 'Imc2', 0.67309904, 164, '2026-04-12 18:53:37.16016+00'),
	(292, 326, 'glcm', 'InverseVariance', 0.4197309, 164, '2026-04-12 18:53:37.16016+00'),
	(293, 326, 'glcm', 'JointAverage', 4.4159923, 164, '2026-04-12 18:53:37.16016+00'),
	(294, 326, 'glcm', 'JointEnergy', 0.03932451, 164, '2026-04-12 18:53:37.16016+00'),
	(295, 326, 'glcm', 'JointEntropy', 5.0776067, 164, '2026-04-12 18:53:37.16016+00'),
	(296, 326, 'glcm', 'MCC', 0.49172503, 164, '2026-04-12 18:53:37.16016+00'),
	(297, 326, 'glcm', 'MaximumProbability', 0.08290289, 164, '2026-04-12 18:53:37.16016+00'),
	(298, 326, 'glcm', 'SumAverage', 8.8319845, 164, '2026-04-12 18:53:37.16016+00'),
	(299, 326, 'glcm', 'SumEntropy', 3.3041518, 164, '2026-04-12 18:53:37.16016+00'),
	(300, 326, 'glcm', 'SumSquares', 2.888549, 164, '2026-04-12 18:53:37.16016+00'),
	(301, 326, 'gldm', 'DependenceEntropy', 5.639622, 164, '2026-04-12 18:53:37.16016+00'),
	(302, 326, 'gldm', 'DependenceNonUniformity', 78.89615, 164, '2026-04-12 18:53:37.16016+00'),
	(303, 326, 'gldm', 'DependenceNonUniformityNormalized', 0.13215435, 164, '2026-04-12 18:53:37.16016+00'),
	(304, 326, 'gldm', 'DependenceVariance', 6.0463176, 164, '2026-04-12 18:53:37.16016+00'),
	(305, 326, 'gldm', 'GrayLevelNonUniformity', 94.624794, 164, '2026-04-12 18:53:37.16016+00'),
	(306, 326, 'gldm', 'GrayLevelVariance', 3.3095684, 164, '2026-04-12 18:53:37.16016+00'),
	(307, 326, 'gldm', 'HighGrayLevelEmphasis', 19.986599, 164, '2026-04-12 18:53:37.16016+00'),
	(308, 326, 'gldm', 'LargeDependenceEmphasis', 27.77722, 164, '2026-04-12 18:53:37.16016+00'),
	(309, 326, 'gldm', 'LargeDependenceHighGrayLevelEmphasis', 653.5444, 164, '2026-04-12 18:53:37.16016+00'),
	(310, 326, 'gldm', 'LargeDependenceLowGrayLevelEmphasis', 2.933595, 164, '2026-04-12 18:53:37.16016+00'),
	(311, 326, 'gldm', 'LowGrayLevelEmphasis', 0.15298441, 164, '2026-04-12 18:53:37.16016+00'),
	(312, 326, 'gldm', 'SmallDependenceEmphasis', 0.12565568, 164, '2026-04-12 18:53:37.16016+00'),
	(313, 326, 'gldm', 'SmallDependenceHighGrayLevelEmphasis', 2.3001573, 164, '2026-04-12 18:53:37.16016+00'),
	(314, 326, 'gldm', 'SmallDependenceLowGrayLevelEmphasis', 0.025174534, 164, '2026-04-12 18:53:37.16016+00'),
	(315, 326, 'glrlm', 'GrayLevelNonUniformity', 80.18874, 164, '2026-04-12 18:53:37.16016+00'),
	(316, 326, 'glrlm', 'GrayLevelNonUniformityNormalized', 0.15642263, 164, '2026-04-12 18:53:37.16016+00'),
	(317, 326, 'glrlm', 'GrayLevelVariance', 3.3748178, 164, '2026-04-12 18:53:37.16016+00'),
	(318, 326, 'glrlm', 'HighGrayLevelRunEmphasis', 19.54621, 164, '2026-04-12 18:53:37.16016+00'),
	(319, 326, 'glrlm', 'LongRunEmphasis', 1.8427949, 164, '2026-04-12 18:53:37.16016+00'),
	(320, 326, 'glrlm', 'LongRunHighGrayLevelEmphasis', 38.46051, 164, '2026-04-12 18:53:37.16016+00'),
	(321, 326, 'glrlm', 'LongRunLowGrayLevelEmphasis', 0.26144433, 164, '2026-04-12 18:53:37.16016+00'),
	(322, 326, 'glrlm', 'LowGrayLevelRunEmphasis', 0.15835752, 164, '2026-04-12 18:53:37.16016+00'),
	(323, 326, 'glrlm', 'RunEntropy', 3.404471, 164, '2026-04-12 18:53:37.16016+00'),
	(324, 326, 'glrlm', 'RunLengthNonUniformity', 414.61194, 164, '2026-04-12 18:53:37.16016+00'),
	(325, 326, 'glrlm', 'RunLengthNonUniformityNormalized', 0.7828666, 164, '2026-04-12 18:53:37.16016+00'),
	(326, 326, 'glrlm', 'RunPercentage', 0.85916764, 164, '2026-04-12 18:53:37.16016+00'),
	(327, 326, 'glrlm', 'RunVariance', 0.3582798, 164, '2026-04-12 18:53:37.16016+00'),
	(328, 326, 'glrlm', 'ShortRunEmphasis', 0.8962341, 164, '2026-04-12 18:53:37.16016+00'),
	(329, 326, 'glrlm', 'ShortRunHighGrayLevelEmphasis', 17.251356, 164, '2026-04-12 18:53:37.16016+00'),
	(330, 326, 'glrlm', 'ShortRunLowGrayLevelEmphasis', 0.14536163, 164, '2026-04-12 18:53:37.16016+00');
INSERT INTO public.radiomics_features (id, patient_id, feature_class, feature_name, feature_value, imaging_id, created_at) VALUES
	(331, 326, 'glszm', 'GrayLevelNonUniformity', 10.945206, 164, '2026-04-12 18:53:37.16016+00'),
	(332, 326, 'glszm', 'GrayLevelNonUniformityNormalized', 0.14993432, 164, '2026-04-12 18:53:37.16016+00'),
	(333, 326, 'glszm', 'GrayLevelVariance', 5.0279603, 164, '2026-04-12 18:53:37.16016+00'),
	(334, 326, 'glszm', 'HighGrayLevelZoneEmphasis', 19.219177, 164, '2026-04-12 18:53:37.16016+00'),
	(335, 326, 'glszm', 'LargeAreaEmphasis', 419.35617, 164, '2026-04-12 18:53:37.16016+00'),
	(336, 326, 'glszm', 'LargeAreaHighGrayLevelEmphasis', 10084.877, 164, '2026-04-12 18:53:37.16016+00'),
	(337, 326, 'glszm', 'LargeAreaLowGrayLevelEmphasis', 29.923857, 164, '2026-04-12 18:53:37.16016+00'),
	(338, 326, 'glszm', 'LowGrayLevelZoneEmphasis', 0.23025192, 164, '2026-04-12 18:53:37.16016+00'),
	(339, 326, 'glszm', 'SizeZoneNonUniformity', 14.863013, 164, '2026-04-12 18:53:37.16016+00'),
	(340, 326, 'glszm', 'SizeZoneNonUniformityNormalized', 0.20360292, 164, '2026-04-12 18:53:37.16016+00'),
	(341, 326, 'glszm', 'SmallAreaEmphasis', 0.4440546, 164, '2026-04-12 18:53:37.16016+00'),
	(342, 326, 'glszm', 'SmallAreaHighGrayLevelEmphasis', 8.717495, 164, '2026-04-12 18:53:37.16016+00'),
	(343, 326, 'glszm', 'SmallAreaLowGrayLevelEmphasis', 0.10114284, 164, '2026-04-12 18:53:37.16016+00'),
	(344, 326, 'glszm', 'ZoneEntropy', 5.158534, 164, '2026-04-12 18:53:37.16016+00'),
	(345, 326, 'glszm', 'ZonePercentage', 0.12227806, 164, '2026-04-12 18:53:37.16016+00'),
	(346, 326, 'glszm', 'ZoneVariance', 352.47513, 164, '2026-04-12 18:53:37.16016+00'),
	(347, 326, 'ngtdm', 'Busyness', 2.1112103, 164, '2026-04-12 18:53:37.16016+00'),
	(348, 326, 'ngtdm', 'Coarseness', 0.01216765, 164, '2026-04-12 18:53:37.16016+00'),
	(349, 326, 'ngtdm', 'Complexity', 42.376675, 164, '2026-04-12 18:53:37.16016+00'),
	(350, 326, 'ngtdm', 'Contrast', 0.07261282, 164, '2026-04-12 18:53:37.16016+00'),
	(351, 326, 'ngtdm', 'Strength', 0.4602899, 164, '2026-04-12 18:53:37.16016+00');


--
-- Name: imaging_records_id_seq; Type: SEQUENCE SET; Schema: public; Owner: -
--

SELECT pg_catalog.setval('public.imaging_records_id_seq', 224, true);


--
-- Name: patients_id_seq; Type: SEQUENCE SET; Schema: public; Owner: -
--

SELECT pg_catalog.setval('public.patients_id_seq', 374, true);


--
-- Name: radiomics_features_id_seq; Type: SEQUENCE SET; Schema: public; Owner: -
--

SELECT pg_catalog.setval('public.radiomics_features_id_seq', 351, true);


--
-- PostgreSQL database dump complete
--

\unrestrict ffFMtEzVugyEAN1nvt9D4mFLP2bEBOcg8Sb0YRaXQNwRmGd028AfLm6rgJ4rcSb

